-0,-67.664,-97.217,-128.78,-137.77,-180.34,-118.81,-180.89,-186.23,-155.81,-204.67,-249.42,-209.91,-240.09,-262.86,-229.38,-236,-228.19,-260.37,-274.07,-265.31,-325.68,-244.85,-356.01,-368.23,-270.37,-374.43,-337.39,-367.43,-343.07,-356.83,-281.51,-302.21,-331.28,-83.188,-168.38,-316.58,-321.27,-344.11,-260.16,-320.02,-297.11,-260.38,-301.66,-392.57,-383.81,-300.14,-184.45,-226.89,-286.09,-353.37,-164.09,-194.69,-219.91,-226.49,-267.42,-242.52,-310.59,-238.74,-199.98,-314.74,-127.17,-67.889,-78.673,-277,-295.19,-286.23,-113.02,-193.48,-260.78,-329.85,-307.87,-317.98,-372.15,-368.99,-376.35,-214.64,-193.41,-230.77,-294.31,-328.81,-221.27,-230.86,-261.72,-157.82,-108.81,-180.39,-146.47,-184.49,-250.91,-256.11,-283.92,-268.94,-335.67,-375.68,-402.3,-384.12,-158.6,-188.43,-226.75
-67.664,-0,-82.479,-76.073,-159.27,-154.16,-58.972,-181.74,-128.89,-96.522,-218.65,-214.03,-150.87,-181.74,-232.13,-212.49,-248.97,-205.3,-239.57,-250.88,-242.34,-302.8,-187.07,-334.18,-341.99,-212.6,-323.07,-283.39,-310.78,-286.84,-299.11,-223.6,-244.36,-273.42,-124.1,-204.11,-299.29,-327.02,-326.38,-202.08,-286.69,-243.07,-202.42,-243.79,-347.03,-326.76,-276.71,-235.4,-275.4,-277.11,-330.07,-141.97,-173.04,-196.11,-203.11,-209.76,-184.63,-252.84,-213.19,-175.47,-288.49,-130.38,-109.17,-69.012,-310.79,-324.47,-269.44,-168.46,-169.41,-236.35,-305.28,-283.77,-294.37,-346.2,-345.07,-350.75,-156.18,-135.6,-173.21,-237.67,-271.14,-248.31,-275.47,-287.06,-177.07,-164.74,-218.33,-205.22,-241.56,-226.94,-224.88,-247.03,-214.76,-297.23,-321.38,-354.17,-326.59,-100.35,-130.47,-168.78
-97.217,-82.479,-0,-72.539,-99.67,-92.671,-108.6,-109.06,-122.84,-139.89,-150.98,-178.82,-181.43,-213.11,-218.43,-284.25,-281.47,-281.41,-310.4,-326.98,-318.07,-376.66,-250.36,-377.88,-410.14,-275.93,-382.52,-335.18,-373.57,-345.25,-362.39,-286.53,-307.45,-336.14,-93.763,-153.4,-356.44,-325.87,-349.36,-251.22,-305.9,-281.44,-264.38,-304.09,-412.2,-390.16,-352.82,-199.02,-251.1,-323.67,-405.88,-218.12,-249.13,-272.24,-279.24,-273.32,-247.61,-316.25,-288.63,-251.5,-362.79,-203.54,-156.76,-143.49,-294.72,-297.98,-260.71,-149.21,-245.54,-312.45,-381.12,-359.9,-370.49,-420.17,-420.7,-425.04,-207.82,-198.82,-236.87,-301.36,-334.67,-191.01,-230.95,-245.22,-240.45,-186.55,-250.32,-197.68,-226.66,-303.07,-295.5,-314.39,-278.6,-364.43,-385.17,-418.76,-390.11,-158.11,-192.86,-230.92
-128.78,-76.073,-72.539,-0,-161.61,-95.743,-59.559,-150.05,-73.842,-81.683,-201.89,-168.67,-127.89,-168.19,-220.32,-268.15,-303.59,-260.74,-295.05,-306.28,-297.77,-357.88,-212.54,-368.78,-382.6,-238.32,-347.17,-302.98,-335.12,-309.3,-324.63,-247.58,-269.01,-297.38,-151.55,-215.87,-354.25,-342.7,-345.73,-204.49,-294.76,-249.07,-223.61,-264.89,-375.28,-352.73,-332.04,-260.68,-310.4,-332.34,-384.75,-197.52,-228.6,-251.33,-258.47,-236.38,-208.84,-278.96,-264.68,-229.93,-335.42,-193.39,-178.55,-133.37,-348.51,-335.94,-267.18,-205.84,-224.52,-290.92,-358.62,-338.76,-349.62,-394.15,-398.34,-399.68,-153.51,-160.98,-200.11,-264.63,-297.71,-247.24,-292.09,-289.19,-237.65,-227.56,-276.01,-252.24,-284.04,-282.06,-261.37,-278.48,-242.03,-328.4,-348.35,-382.12,-353.07,-108.85,-152.1,-189.18
-137.77,-159.27,-99.67,-161.61,-0,-126.59,-197.08,-79.001,-184.03,-222.6,-76.858,-137.56,-204.24,-178.35,-145.11,-250.06,-210.32,-298.42,-264.04,-346.35,-308.3,-345.45,-334.55,-298.38,-367,-359.11,-337.66,-271.33,-375.72,-300.47,-412.26,-324.35,-365.21,-338.43,-72.209,-66.201,-287.06,-238.46,-264.48,-209.26,-221.5,-212.93,-273.17,-278.36,-425.02,-452.57,-394.19,-120.41,-171.26,-250.85,-407.66,-283.2,-284.71,-342.62,-336.71,-358.15,-323.25,-397.42,-362.11,-323.9,-437.29,-251.62,-181.59,-205.12,-210.73,-209.74,-174.91,-107.75,-317.31,-384.73,-453.63,-431.22,-430,-492.72,-479.09,-453.65,-221.52,-283.7,-321.82,-386.3,-418.93,-101.99,-143.79,-155.55,-251.87,-178.03,-208.24,-150.22,-158.76,-373.71,-374.57,-396.46,-363.57,-446.67,-469.83,-491.65,-468.61,-238.17,-270.27,-268.81
-180.34,-154.16,-92.671,-95.743,-126.59,-0,-133.45,-73.719,-70.981,-117.06,-127.01,-106.5,-123.52,-149.41,-172.62,-342.33,-323.97,-342.64,-363.22,-388.05,-378.07,-423.84,-279.63,-376.86,-433.33,-305.73,-393.28,-321.36,-396.55,-346.71,-390.97,-309.26,-334.17,-355.5,-158.93,-178.17,-385.28,-322.2,-339.69,-215.25,-280.42,-247.11,-269.32,-301.5,-441.62,-420.69,-413.95,-235.37,-283.86,-359.57,-462,-279.63,-310.66,-333.28,-340.49,-308.42,-273.79,-347.53,-343.26,-311.09,-412.81,-273.59,-238.52,-213.75,-317.74,-303.18,-233.33,-212.59,-306.42,-372.3,-438.86,-420.6,-431.53,-472.26,-477.77,-475.05,-177.94,-229.09,-274.85,-339.38,-369.16,-184.79,-249.98,-241.47,-312.17,-263.95,-314.99,-260.69,-273.72,-363.95,-337.64,-354.64,-317.84,-404.21,-421.64,-453.69,-423.24,-153.25,-210.8,-238.3
-118.81,-58.972,-108.6,-59.559,-197.08,-133.45,-0,-187.2,-81.863,-45.849,-222.53,-164.69,-101,-132.6,-184.87,-230.73,-268.37,-222.93,-257.31,-268.42,-259.95,-319.29,-159.54,-318.79,-331.17,-185.47,-293.34,-250.67,-281.4,-255.75,-271.69,-193.7,-215.52,-243.51,-171.69,-246.09,-315.77,-296.45,-295.86,-158.99,-247.57,-202.33,-170.08,-211.58,-322.62,-300.17,-294.03,-283.11,-310.84,-294.98,-345.04,-159.93,-191.05,-213.04,-220.5,-184.73,-155.11,-226.47,-219.45,-189.65,-287.96,-158.3,-153.99,-99.553,-323.75,-296.03,-224.52,-219.72,-185.93,-250.92,-316.86,-299.92,-311.29,-349.19,-357.34,-355.35,-109.5,-108.09,-148.97,-213.51,-245.94,-248.82,-295.97,-257.56,-201.8,-212.71,-243.85,-256.32,-287.03,-243.51,-211,-227.86,-191.14,-277.67,-296.96,-330.42,-301.06,-58.565,-98.072,-135.73
-180.89,-181.74,-109.06,-150.05,-79.001,-73.719,-187.2,-0,-123,-170.28,-68.328,-86.397,-146.42,-136.54,-127.89,-309.38,-269.02,-350.84,-320.61,-396.57,-362.53,-388.48,-328.48,-328.57,-399.42,-353.16,-358.97,-280.64,-386.76,-311.93,-409.64,-311.61,-355.19,-340.3,-132.49,-121.96,-334.01,-270.7,-290.8,-188.56,-233.13,-206.3,-256.23,-272.46,-446.31,-454.72,-436.03,-180.2,-227.29,-304.97,-449.16,-315.23,-333.29,-369.7,-372.94,-357.05,-310.92,-393.04,-383.69,-348.78,-455.92,-295.59,-234.64,-239.07,-260.88,-247.97,-183.79,-176.55,-343.14,-409.8,-477.62,-457.38,-463.63,-513.39,-512.01,-489.38,-183.34,-278.43,-323.45,-387.91,-417.36,-125.48,-191.75,-184.75,-312.46,-242.61,-273,-218.51,-220.23,-400.45,-384.84,-402.88,-366.51,-452.48,-470.21,-499.12,-468.67,-200.66,-250.95,-245.69
-186.23,-128.89,-122.84,-73.842,-184.03,-70.981,-81.863,-123,-0,-60.049,-163.2,-105.72,-74.296,-115.14,-167.57,-307.18,-339.54,-299.4,-333.56,-344.88,-336.41,-390.7,-224.01,-354.68,-390.32,-250.2,-348.99,-285.02,-343.14,-303.22,-335.82,-254.47,-278.61,-302.78,-204.45,-230.03,-371.55,-309.02,-319.5,-170.38,-259.42,-214.76,-216.43,-254.4,-387.08,-365.51,-370.46,-284.56,-328.13,-361.89,-418.93,-236.44,-267.53,-289.42,-296.95,-253.99,-217.87,-292.3,-294.32,-265.57,-362.51,-234.52,-228.27,-175.56,-336.98,-301.36,-224.2,-258.95,-262.27,-326.98,-392.49,-376.23,-387.66,-423.33,-431.1,-426.12,-122.54,-173.66,-221.22,-285.72,-314.54,-213.92,-284.36,-250.77,-278.1,-282.16,-317.95,-304.65,-320.33,-319.86,-285.12,-301.82,-264.71,-351.19,-367.56,-399.07,-368.28,-95.733,-154.37,-182.47
-155.81,-96.522,-139.89,-81.683,-222.6,-117.06,-45.849,-170.28,-60.049,-0,-192.88,-130.2,-63.844,-97.96,-151.23,-265.33,-303.04,-257.1,-291.57,-302.53,-294.1,-348.75,-172.05,-314.01,-340.64,-198.28,-299.43,-241.49,-291.53,-255.44,-283.96,-202.72,-226.6,-251.68,-209.11,-258.16,-333.51,-273.14,-280.82,-130.66,-222.6,-176.23,-167.07,-207.21,-335.25,-313.77,-328,-297.7,-318.73,-324.59,-373.47,-194.45,-225.55,-246.81,-254.53,-202.81,-165.77,-240.58,-247.04,-221.53,-314.62,-193.75,-190.17,-135.16,-305.78,-268,-193.63,-256.93,-219.44,-283.08,-347.52,-333.22,-345.04,-376.2,-385.44,-377.92,-78.672,-121.87,-171.13,-235.63,-263.25,-217.46,-269.99,-226,-237.09,-249.07,-279,-293.12,-318.71,-277.06,-236.27,-252.76,-215.4,-301.87,-316.92,-347.88,-316.75,-43.831,-102.06,-131.84
-204.67,-218.65,-150.98,-201.89,-76.858,-127.01,-222.53,-68.328,-163.2,-192.88,-0,-76.417,-140.94,-109.43,-77.386,-265.91,-225.33,-310.95,-274.82,-352.59,-315.95,-335.06,-319.31,-272.36,-344.42,-337.36,-303.17,-225.28,-333.89,-256.91,-364.24,-264.25,-311.33,-288.36,-138.42,-83.718,-281.66,-214.09,-234.18,-141.72,-176.77,-153.48,-208.64,-220.61,-394.34,-414.69,-402.66,-138.15,-182.32,-256.58,-396.92,-321.91,-307.5,-384.17,-360.42,-358.83,-279,-372.49,-409.29,-375.41,-479.68,-315.9,-248.86,-269.29,-209.63,-190.96,-126.73,-162.36,-367.65,-436.2,-502.75,-475.75,-449.01,-522,-490.08,-443.14,-151.51,-279.84,-333.6,-396.58,-412.77,-67.989,-140.74,-126.3,-293.15,-234.89,-234.91,-187.79,-178.89,-416.11,-408.07,-424.21,-383.98,-468.6,-473.51,-479.87,-445.11,-197.76,-228.8,-203.18
-249.42,-214.03,-178.82,-168.67,-137.56,-106.5,-164.69,-86.397,-105.72,-130.2,-76.417,-0,-78.803,-63.51,-79.874,-326.73,-288,-355.57,-329.34,-385.92,-358.46,-356.01,-278.44,-288.14,-354.72,-302.51,-310.18,-230.74,-331.5,-260.21,-352.59,-250.5,-296.65,-282.8,-198.49,-151.68,-308.63,-234.2,-249.58,-124.26,-188.64,-154,-192.93,-215.41,-394.65,-401.32,-423.55,-203.29,-243.4,-303.74,-413.14,-314.78,-339.19,-366.7,-370.96,-311.91,-253.21,-343.15,-364.97,-340.63,-432.33,-314.04,-294.16,-255.73,-252.95,-221.02,-142.26,-229.16,-339.33,-402.12,-466.13,-452.78,-455.2,-490.06,-490.53,-451.38,-110.16,-230.6,-283.7,-347.54,-371.32,-119.18,-193.98,-161.45,-341.09,-299.44,-300.17,-254.89,-243.78,-396.73,-353.82,-369.81,-331.19,-416.79,-427.07,-452.72,-420.1,-141.77,-188.7,-177.73
-209.91,-150.87,-181.43,-127.89,-204.24,-123.52,-101,-146.42,-74.296,-63.844,-140.94,-78.803,-0,-53.92,-110.66,-317.9,-328.81,-309.99,-337.9,-354.94,-344.45,-362.08,-214.86,-295.61,-347.31,-241.01,-301.4,-226.09,-311.32,-250.32,-319.1,-222.19,-260.88,-262.8,-246.69,-214.67,-320.82,-247.09,-258.61,-108.45,-197.5,-152.55,-167.39,-200.17,-368.62,-355.57,-380.45,-259.03,-286.66,-324.8,-404.5,-247.57,-278.7,-299.46,-307.38,-246.83,-203.62,-283.5,-296.95,-272.99,-364.28,-247.61,-244.24,-189.07,-276.97,-239.42,-162.34,-285.12,-271.86,-334.51,-398.42,-385.51,-397.56,-424.37,-433.46,-420.02,-66.114,-165.13,-217.66,-281.82,-306.98,-171.98,-234.13,-192.13,-290.85,-302.46,-325.44,-311.56,-297.78,-329.53,-285.74,-301.96,-264.07,-350.04,-361.81,-391.73,-360.02,-75.174,-132.31,-139.86
-240.09,-181.74,-213.11,-168.19,-178.35,-149.41,-132.6,-136.54,-115.14,-97.96,-109.43,-63.51,-53.92,-0,-66.761,-323.04,-290.83,-331.93,-315.18,-359.09,-334.78,-325.33,-229.85,-256.91,-314.9,-253.53,-269.01,-190.76,-284.73,-217.46,-303.16,-199.79,-246.17,-235.14,-238.08,-178.31,-280.71,-206.43,-219.27,-74.498,-157.64,-114.73,-141.83,-168.84,-348.03,-352.82,-393.65,-218.27,-243.95,-283.99,-375.45,-276.8,-307.57,-328.46,-335.7,-264.41,-201.59,-294.78,-324.32,-301.41,-391.45,-277.55,-274.26,-219.07,-234.84,-197.89,-119.53,-260.75,-300.74,-362.87,-426.36,-414.26,-421.24,-445.96,-449.51,-409.25,-55.341,-183.38,-237.88,-301.27,-323.73,-130.55,-190.91,-148.68,-319.75,-317.17,-311.56,-274.4,-256.66,-358.41,-312.79,-328.09,-287.93,-372.99,-380.12,-405.64,-372.61,-96.626,-135.84,-123.67
-262.86,-232.13,-218.43,-220.32,-145.11,-172.62,-184.87,-127.89,-167.57,-151.23,-77.386,-79.874,-110.66,-66.761,-0,-273.69,-234.82,-302.77,-265.23,-320.06,-291.74,-284.98,-250.1,-217.07,-285.6,-267.27,-241.62,-162.15,-267.98,-192.9,-294.54,-193.62,-240.71,-220.42,-202.22,-129.07,-237.87,-163.22,-178.51,-71.101,-117.6,-86.133,-137.64,-151.83,-330.51,-345.77,-365.77,-161.91,-187.83,-235.65,-343.03,-316.64,-312.14,-365.25,-344.77,-292.83,-208.25,-302.55,-372.24,-349.86,-438.91,-324.54,-298.92,-270.02,-184.23,-150.58,-71.413,-212.38,-347.9,-411.05,-472.59,-451.32,-413.22,-470.32,-440.2,-386.15,-92.045,-217.11,-271.36,-332.88,-344.95,-74.544,-134.37,-94.175,-316.29,-276.7,-257.75,-218.78,-200.36,-395.37,-360.3,-370.67,-324.86,-408.94,-406.99,-412.31,-375.89,-144.93,-162.89,-133.18
-229.38,-212.49,-284.25,-268.15,-250.06,-342.33,-230.73,-309.38,-307.18,-265.33,-265.91,-326.73,-317.9,-323.04,-273.69,-0,-49.01,-67.083,-56.275,-129.82,-98.225,-163.2,-289.29,-168.68,-203.14,-308.47,-209.52,-217.35,-241.81,-225.84,-285.39,-292.24,-305.43,-256.08,-234.46,-196.43,-123.9,-158.61,-170.05,-288.91,-203.98,-247.95,-291.57,-255.83,-252.09,-291.36,-177.71,-136.78,-95.315,-83.555,-210.2,-77.339,-56.292,-141.07,-117.03,-277.86,-311.71,-324.31,-185.82,-143.5,-261.15,-146.5,-199.07,-162.63,-112.59,-151.04,-221.29,-181.11,-128.43,-203.27,-271.01,-236.22,-217.44,-296.72,-267.93,-249,-311.27,-261.02,-239.8,-269.24,-323.68,-222.01,-150.78,-190.93,-121.04,-154.64,-80.229,-128.9,-100.01,-174.8,-205.91,-234.88,-231.92,-287.28,-337.13,-304.85,-317.34,-262.24,-282.16,-309.55
-236,-248.97,-281.47,-303.59,-210.32,-323.97,-268.37,-269.02,-339.54,-303.04,-225.33,-288,-328.81,-290.83,-234.82,-49.01,-0,-98.14,-68.212,-153.51,-115.76,-170.45,-325.97,-159.52,-206.29,-334.23,-204.17,-194.82,-239.84,-207.29,-285.78,-272.34,-295.35,-243.61,-202.17,-156.22,-120.76,-134.41,-151.24,-254.54,-175.26,-216.04,-265.93,-232.35,-261.63,-302.23,-204.72,-96.616,-56.293,-74.902,-226.22,-115.97,-94.535,-177.12,-149.83,-316.66,-315.19,-338.11,-224.74,-182.66,-300.13,-178.63,-203.78,-199.81,-83.953,-121.55,-185.27,-150.2,-168.43,-242.54,-309.74,-271.53,-247.76,-330.5,-296.78,-270.67,-299.51,-299.68,-278.61,-308.08,-354.67,-181.39,-111.24,-153.01,-136.71,-144.56,-76.45,-101.76,-64.294,-210.49,-244.77,-273.73,-270.76,-326.06,-369.22,-329.29,-332.78,-299.68,-313.35,-293.6
-228.19,-205.3,-281.41,-260.74,-298.42,-342.64,-222.93,-350.84,-299.4,-257.1,-310.95,-355.57,-309.99,-331.93,-302.77,-67.083,-98.14,-0,-43.112,-68.238,-46.918,-113.51,-277.03,-146.06,-156.47,-294.04,-179.78,-210.81,-204.69,-210.34,-238.44,-274.1,-273.75,-228.98,-281.42,-244.42,-99.08,-163.19,-160.34,-302.52,-212.64,-259.38,-289.38,-249.76,-195.45,-233.65,-114.69,-185.7,-134.83,-80.663,-150.3,-72.638,-58.062,-87.662,-58.055,-265.55,-298.62,-292.25,-172.71,-128.06,-246.82,-143.94,-211.6,-156.83,-129.12,-165.38,-243.22,-240.54,-103.75,-182.72,-235.56,-181.38,-155.45,-239.03,-205.72,-186.9,-307.87,-249.14,-227.54,-256.74,-296.88,-262.84,-186.81,-219.59,-149.24,-211.32,-140.25,-190.69,-157.36,-121.87,-193.2,-222.27,-219.42,-272.6,-289.01,-242.45,-256.89,-253.03,-271.68,-305.4
-260.37,-239.57,-310.4,-295.05,-264.04,-363.22,-257.31,-320.61,-333.56,-291.57,-274.82,-329.34,-337.9,-315.18,-265.23,-56.275,-68.212,-43.112,-0,-88.674,-50.785,-112.25,-306.83,-121.56,-152.47,-302.15,-160.45,-179.91,-191.54,-183.2,-235.15,-249.75,-257.52,-208.92,-261.05,-208.99,-75.251,-126.68,-129.96,-266.6,-176.02,-222.47,-257.77,-218.91,-202.65,-242.8,-141.23,-150.96,-98.527,-45.247,-163.48,-103.99,-78.786,-123.09,-93.251,-300.4,-294.44,-292.6,-208.3,-164.22,-282.63,-176.93,-239.32,-190.71,-90.819,-127.14,-205.39,-211.54,-140.72,-219.11,-271.27,-216.68,-186,-272.48,-233.76,-207.07,-311.85,-284.44,-262.9,-292.16,-317.13,-226.04,-149.54,-181.64,-168.77,-203.85,-130,-165.21,-126.42,-157.27,-228.67,-257.71,-254.84,-307.76,-314.91,-265.87,-271.35,-287.67,-303.12,-291.36
-274.07,-250.88,-326.98,-306.28,-346.35,-388.05,-268.42,-396.57,-344.88,-302.53,-352.59,-385.92,-354.94,-359.09,-320.06,-129.82,-153.51,-68.238,-88.674,-0,-43.94,-61.642,-284.22,-125.9,-102.77,-263.02,-136.75,-201.14,-152.82,-187.52,-179.44,-232.96,-223.38,-182.35,-332.1,-291.47,-89.457,-167.35,-152.22,-306.5,-213.72,-261.62,-272.94,-234.5,-133.54,-170.67,-59.519,-234.31,-181.1,-105.06,-86.373,-120.53,-116.31,-98.512,-59.776,-286.8,-274.2,-236.23,-215.09,-163.25,-266.93,-190.3,-257.95,-202.67,-159.14,-186.01,-257.68,-295.22,-125.44,-199.5,-225.9,-163.36,-108.06,-200.31,-151.45,-125.27,-342.76,-292.53,-271.28,-289.69,-249.01,-302.05,-227.54,-248.63,-198.36,-269.05,-203.02,-248.67,-211.28,-118.31,-236.69,-265.83,-263.16,-282.09,-233.78,-183.56,-194.18,-298.3,-312.28,-308.4
-265.31,-242.34,-318.07,-297.77,-308.3,-378.07,-259.95,-362.53,-336.41,-294.1,-315.95,-358.46,-344.45,-334.78,-291.74,-98.225,-115.76,-46.918,-50.785,-43.94,-0,-73.581,-293.41,-110.33,-117.15,-277.73,-140.33,-179.69,-164.7,-175.94,-200.34,-237.46,-234,-190.06,-302.6,-252.91,-64.649,-140.46,-128.94,-281.93,-188.55,-236.52,-258.52,-217.98,-159.38,-198.79,-97.782,-195.67,-142.3,-68.317,-117.94,-110.86,-98.872,-109.92,-72.427,-295.42,-280.79,-258.74,-209.1,-162.62,-279.79,-181.39,-248.83,-194,-123.16,-154.02,-229.76,-257.56,-131.62,-211.33,-253.88,-194.33,-145.98,-237.81,-190.47,-161.43,-323.53,-285.68,-264.18,-292.41,-278.79,-265.77,-189.82,-215.11,-188.29,-246.18,-173.59,-211.85,-173.1,-140.23,-229.74,-258.84,-256.02,-301.7,-271,-220.73,-226.25,-289.95,-304.17,-294.23
-325.68,-302.8,-376.66,-357.88,-345.45,-423.84,-319.29,-388.48,-390.7,-348.75,-335.06,-356.01,-362.08,-325.33,-284.98,-163.2,-170.45,-113.51,-112.25,-61.642,-73.581,-0,-233.55,-79.711,-54.618,-212.86,-83.176,-156.66,-100.77,-135,-135.12,-179.85,-170.82,-129.26,-348.14,-289.17,-67.567,-133.38,-113.45,-265.31,-176.48,-222.84,-222.51,-185.01,-98.663,-139.89,-92.138,-236.64,-184,-106.26,-70.395,-171.89,-163.92,-154.3,-115.03,-250.25,-221.34,-194.2,-268.42,-218.27,-311.21,-242.02,-309.11,-254.52,-145.96,-159.08,-223.52,-303.46,-181.61,-253.48,-266.44,-204.78,-138.77,-226.15,-169.93,-120.46,-312.86,-278.2,-278.72,-280.06,-220.27,-282.27,-217.32,-222.5,-249.43,-304.71,-235.1,-262.02,-222.39,-170.96,-289.31,-310.44,-300.45,-298.01,-230.56,-180.52,-171.77,-331.93,-284.8,-258.49
-244.85,-187.07,-250.36,-212.54,-334.55,-279.63,-159.54,-328.48,-224.01,-172.05,-319.31,-278.44,-214.86,-229.85,-250.1,-289.29,-325.97,-277.03,-306.83,-284.22,-293.41,-233.55,-0,-212,-193.07,-31.807,-168.87,-173.48,-139.9,-156.72,-117.11,-90.718,-70.913,-121.21,-304.44,-352.67,-255.29,-233.25,-212.97,-186.99,-211.98,-192.39,-125,-141.67,-168.39,-146.42,-283.17,-354.38,-331.54,-295.32,-223.1,-217.28,-248.44,-253.3,-270.95,-54.085,-51.681,-74.14,-213.12,-211.93,-248.56,-257.94,-277.14,-220.41,-284.19,-254.57,-237.56,-348.88,-221.92,-270.46,-271.82,-301.74,-282.73,-241.07,-239.73,-218.5,-182.72,-55.781,-57.86,-100.92,-106.83,-302.49,-308.09,-270.48,-277.23,-330.24,-309.22,-365.23,-356.94,-279.07,-182.77,-155.77,-105.86,-178.91,-168.22,-189.94,-154.59,-145.91,-104.28,-126.71
-356.01,-334.18,-377.88,-368.78,-298.38,-376.86,-318.79,-328.57,-354.68,-314.01,-272.36,-288.14,-295.61,-256.91,-217.07,-168.68,-159.52,-146.06,-121.56,-125.9,-110.33,-79.711,-212,-0,-80.417,-197.3,-54.646,-83.979,-96.158,-72.598,-144.13,-138.7,-148.17,-94.817,-314.19,-243.04,-54.929,-71.33,-46.353,-196.48,-107.76,-153.3,-161.35,-119.85,-138.46,-178.05,-164.74,-201.05,-153.22,-94.652,-137.66,-213.04,-190.99,-213.78,-173.24,-242.54,-186.14,-196.21,-313.27,-266.81,-375.84,-284.96,-339.39,-297.73,-104.74,-99.886,-156.07,-272.71,-236.36,-313.83,-338.47,-277.27,-212.36,-296.37,-240.59,-184.94,-245.51,-244.2,-263.96,-288.41,-244.2,-219.79,-167.39,-158.97,-279.99,-292.01,-229.08,-236.64,-198.05,-237.36,-332.71,-339.95,-304.72,-346.06,-280.08,-237.23,-215.38,-283.54,-232.85,-198.53
-368.23,-341.99,-410.14,-382.6,-367,-433.33,-331.17,-399.42,-390.32,-340.64,-344.42,-354.72,-347.31,-314.9,-285.6,-203.14,-206.29,-156.47,-152.47,-102.77,-117.15,-54.618,-193.07,-80.417,-0,-171.29,-54.69,-138.3,-61.172,-106.75,-92.413,-145.73,-132.63,-95.972,-375.83,-311.06,-94.684,-143.89,-118.74,-247.86,-178.89,-213.85,-191.73,-156.73,-65.987,-107.91,-120.63,-262.8,-211.44,-139.37,-70.06,-215.01,-206.36,-194.83,-156.76,-208.1,-186.35,-151.52,-310.83,-260.43,-326.9,-285.22,-351.79,-297.72,-167.67,-172.23,-228.98,-331.65,-223.23,-288.84,-282.77,-227.29,-157.09,-229.31,-172.65,-112.8,-290.15,-240.35,-238.8,-242.72,-184.84,-292.82,-236.37,-232.61,-292.08,-340.49,-272.64,-292.51,-253.1,-207.28,-324.65,-300.41,-269.94,-279.81,-208.13,-163.37,-143.54,-309.13,-251.52,-227.08
-270.37,-212.6,-275.93,-238.32,-359.11,-305.73,-185.47,-353.16,-250.2,-198.28,-337.36,-302.51,-241.01,-253.53,-267.27,-308.47,-334.23,-294.04,-302.15,-263.02,-277.73,-212.86,-31.807,-197.3,-171.29,-0,-152.15,-170.52,-118.78,-146.87,-92.627,-91.458,-56.282,-108.71,-329.96,-364.97,-238.09,-226.68,-204.25,-204.21,-215.12,-203.29,-138.35,-145.77,-143.11,-121.01,-258.99,-357,-326.58,-280.57,-198,-237.15,-268.31,-273.02,-284.74,-52.287,-67.05,-51.035,-230.24,-231.39,-250.92,-278.37,-302.48,-245.76,-277.23,-250.59,-247.72,-373.66,-241.61,-288.2,-268.77,-292.17,-260.05,-230.26,-219.88,-193.63,-206.97,-81.794,-74.111,-99.931,-92.548,-315.27,-310.71,-277.7,-297.21,-353.97,-329.1,-381.82,-364.24,-295.77,-194.59,-158.45,-113.64,-176.79,-157.05,-170.45,-132.74,-172.16,-129.6,-147.01
-374.43,-323.07,-382.52,-347.17,-337.66,-393.28,-293.34,-358.97,-348.99,-299.43,-303.17,-310.18,-301.4,-269.01,-241.62,-209.52,-204.17,-179.78,-160.45,-136.75,-140.33,-83.176,-168.87,-54.646,-54.69,-152.15,-0,-90.049,-49.273,-58.204,-97.361,-105.26,-104.04,-55.008,-357.97,-283.51,-94.371,-112.01,-83.232,-200.54,-134.78,-166.98,-145.52,-109.08,-98.696,-136.02,-164.31,-246.53,-199.73,-137.63,-115.09,-243.89,-227.03,-230.24,-190.59,-196.42,-149.45,-148.45,-340.36,-292.68,-365.72,-314.79,-373.53,-324.02,-151.26,-141.27,-186.65,-318.48,-257.16,-328.48,-326.36,-272.62,-202.91,-269.71,-215.05,-154.2,-243.73,-208.26,-220.03,-241.67,-197.48,-254.29,-209.45,-194.76,-316.48,-337.39,-273.11,-282.66,-244.06,-246.58,-336.6,-301.95,-259.55,-304.02,-239.16,-199.38,-173.94,-266.41,-209.36,-181.76
-337.39,-283.39,-335.18,-302.98,-271.33,-321.36,-250.67,-280.64,-285.02,-241.49,-225.28,-230.74,-226.09,-190.76,-162.15,-217.35,-194.82,-210.81,-179.91,-201.14,-179.69,-156.66,-173.48,-83.979,-138.3,-170.52,-90.049,-0,-120.35,-40.548,-160.68,-88.017,-123.23,-77.563,-302.42,-220.8,-120.78,-70.154,-56.224,-123.4,-57.082,-84.374,-88.071,-47.022,-181.97,-210.59,-241.63,-199.41,-169.29,-146.17,-200.32,-275.61,-248.94,-283.41,-244.4,-216.7,-132.05,-186.69,-363.94,-332.41,-409.74,-345.61,-355.2,-317.07,-121.2,-91.042,-109.92,-274.36,-304.79,-382.53,-403.19,-350.82,-285.14,-350.88,-299.43,-239.11,-172.19,-185.15,-223.02,-264.67,-241.53,-181.06,-153.55,-126.17,-321.27,-307.89,-260.14,-247.27,-212.9,-310.11,-343.77,-320.81,-272.58,-340.62,-302.43,-278.37,-246.41,-210.06,-162.53,-125.15
-367.43,-310.78,-373.57,-335.12,-375.72,-396.55,-281.4,-386.76,-343.14,-291.53,-333.89,-331.5,-311.32,-284.73,-267.98,-241.81,-239.84,-204.69,-191.54,-152.82,-164.7,-100.77,-139.9,-96.158,-61.172,-118.78,-49.273,-120.35,-0,-85.658,-55.83,-97.514,-78.119,-56.395,-391.36,-322.6,-127.58,-153.83,-125.6,-216.14,-169.22,-191.55,-152.72,-126.97,-74.519,-99.382,-168.25,-286.93,-239.36,-172.5,-107.43,-264.87,-253.62,-245.1,-206.7,-159.85,-134.69,-108.27,-337.06,-307.82,-335.96,-334.57,-385.96,-330.96,-192.75,-182.97,-220.45,-358.07,-273.38,-333.84,-305.07,-265.85,-196.72,-244.33,-198.23,-139.83,-252.43,-188.13,-187.3,-203.09,-155.41,-290.16,-250.15,-232.61,-341.02,-374.33,-308.21,-321.34,-282.43,-256.01,-304.7,-263.58,-223.59,-264.27,-201.32,-168.66,-137.13,-261.72,-203.77,-184.83
-343.07,-286.84,-345.25,-309.3,-300.47,-346.71,-255.75,-311.93,-303.22,-255.44,-256.91,-260.21,-250.32,-217.46,-192.9,-225.84,-207.29,-210.34,-183.2,-187.52,-175.94,-135,-156.72,-72.598,-106.75,-146.87,-58.204,-40.548,-85.658,-0,-127.02,-73.825,-97.212,-45.805,-327.89,-248.39,-118.61,-86.205,-62.685,-148.61,-89.784,-115.49,-97.467,-58.384,-148.07,-176.46,-217.91,-221.36,-186.01,-151.52,-167.74,-276.78,-252.7,-277.53,-236.8,-194.18,-122.37,-159.02,-356.06,-328.76,-389.88,-346.07,-364.55,-319.55,-136.33,-111.1,-141.77,-296.08,-300.97,-374.41,-374.74,-325.46,-256,-317.42,-266.21,-205.78,-193.22,-179.51,-209.35,-242.15,-213.63,-211.97,-177.61,-155.05,-333.25,-326.26,-274.49,-266.54,-230.98,-297.88,-331.59,-300.55,-254.71,-316.44,-271.99,-244.31,-213.07,-221.31,-167.43,-134.79
-356.83,-299.11,-362.39,-324.63,-412.26,-390.97,-271.69,-409.64,-335.82,-283.96,-364.24,-352.59,-319.1,-303.16,-294.54,-285.39,-285.78,-238.44,-235.15,-179.44,-200.34,-135.12,-117.11,-144.13,-92.413,-92.627,-97.361,-160.68,-55.83,-127.02,-0,-110.76,-73.297,-88.554,-407.97,-366.14,-173.55,-200.29,-172.8,-235.43,-210.68,-220.02,-168.85,-154.05,-59.713,-58.927,-177.69,-333.32,-286.47,-218.61,-114.36,-291.45,-287.86,-265.3,-232.24,-125.02,-133.92,-67.346,-310.84,-308.34,-295.07,-352.11,-386.73,-330.27,-240.07,-228.95,-257.72,-402.82,-293.56,-324.16,-269.92,-250.87,-192.32,-207.47,-170.35,-123.6,-267.35,-168.77,-158.13,-162.53,-109.23,-328.07,-295.58,-275.42,-364.52,-413.07,-352.85,-368.01,-329.28,-264.34,-268.63,-223.12,-187.79,-219.46,-157.04,-129.64,-94.593,-256.95,-207.43,-198.5
-281.51,-223.6,-286.53,-247.58,-324.35,-309.26,-193.7,-311.61,-254.47,-202.72,-264.25,-250.5,-222.19,-199.79,-193.62,-292.24,-272.34,-274.1,-249.75,-232.96,-237.46,-179.85,-90.718,-138.7,-145.73,-91.458,-105.26,-88.017,-97.514,-73.825,-110.76,-0,-53.873,-54.616,-333.99,-285.21,-184.86,-148.74,-129.1,-132.87,-130.43,-121.92,-64.828,-59.969,-158.18,-161.41,-256.33,-275.8,-248.23,-218.57,-199.07,-291.66,-308.2,-316.3,-284.57,-136.65,-53.351,-118.21,-292.2,-289.43,-332.07,-313.98,-314.28,-257.59,-199.98,-170.53,-165.68,-344.45,-298.78,-348.17,-350.92,-348.19,-286.67,-302.6,-272.73,-224.5,-163.3,-111.49,-142.35,-184.61,-171.1,-234.92,-228.79,-194.74,-347.01,-362.8,-336.64,-326.23,-292.41,-331.78,-265.31,-240.54,-191.65,-261.82,-235.87,-229.03,-190.56,-171.56,-112.86,-93.443
-302.21,-244.36,-307.45,-269.01,-365.21,-334.17,-215.52,-355.19,-278.61,-226.6,-311.33,-296.65,-260.88,-246.17,-240.71,-305.43,-295.35,-273.75,-257.52,-223.38,-234,-170.82,-70.913,-148.17,-132.63,-56.282,-104.04,-123.23,-78.119,-97.212,-73.297,-53.873,-0,-58.661,-358.5,-328.38,-191.24,-177.81,-154.63,-179.96,-170.77,-168.28,-111.9,-103.8,-125.71,-119.07,-236.59,-311.29,-277.65,-232.78,-174.43,-283.22,-304.58,-304.55,-274.69,-102.6,-69.437,-72.382,-278.62,-278.58,-301.02,-322.57,-334.77,-278.07,-228.09,-202.35,-210.82,-376.79,-288,-334.29,-310.69,-309.25,-255.79,-257.56,-229.61,-188.59,-207.71,-118.47,-122.65,-150.37,-126.8,-280.92,-265.8,-236.51,-343.54,-384.55,-353.37,-357.75,-322.29,-314.9,-244.61,-209.21,-164.41,-225.65,-190.44,-184.15,-144.89,-198.95,-144.84,-136.84
-331.28,-273.42,-336.14,-297.38,-338.43,-355.5,-243.51,-340.3,-302.78,-251.68,-288.36,-282.8,-262.8,-235.14,-220.42,-256.08,-243.61,-228.98,-208.92,-182.35,-190.06,-129.26,-121.21,-94.817,-95.972,-108.71,-55.008,-77.563,-56.395,-45.805,-88.554,-54.616,-58.661,-0,-360.56,-288.09,-141.89,-126.28,-101.51,-166.28,-128.21,-142.96,-103.5,-76.597,-123.98,-140.6,-207.46,-262.02,-226,-181.76,-153.06,-291.92,-275.68,-275.82,-236.48,-155.77,-98.974,-118.6,-329.82,-322.38,-353.36,-352.63,-363.31,-307.39,-175.91,-151.9,-177.53,-336.61,-302.39,-365.23,-346.58,-310.79,-242.15,-287.2,-244.63,-187.61,-203.47,-158.06,-174.66,-203.53,-173.15,-248.74,-218.21,-194.66,-361.16,-365.31,-311.62,-306.85,-271.02,-291.25,-297.26,-262.45,-217.53,-277.34,-232.98,-211.08,-175.97,-219.8,-161.41,-137.41
-83.188,-124.1,-93.763,-151.55,-72.209,-158.93,-171.69,-132.49,-204.45,-209.11,-138.42,-198.49,-246.69,-238.08,-202.22,-234.46,-202.17,-281.42,-261.05,-332.1,-302.6,-348.14,-304.44,-314.19,-375.83,-329.96,-357.97,-302.42,-391.36,-327.89,-407.97,-333.99,-358.5,-360.56,-0,-94.85,-292.49,-258.51,-285.74,-261.97,-255.08,-258.13,-302.85,-314.89,-429.11,-437.63,-366.93,-122.24,-173.15,-252.74,-402.63,-235.23,-248.95,-293.5,-297.44,-327.22,-301.75,-370.04,-312.72,-274.01,-388.58,-191.89,-119.76,-152.85,-219.59,-230.19,-215.93,-68.261,-267.36,-334.8,-403.82,-381.72,-389.78,-445.53,-440.55,-437.13,-260.54,-252.98,-290.68,-355.02,-388.56,-147.77,-162.88,-188.88,-195.52,-120.42,-172.89,-115.64,-144.22,-324.68,-329.02,-355.27,-331.51,-406.01,-437.83,-464.65,-442.49,-217.02,-247.69,-280.91
-168.38,-204.11,-153.4,-215.87,-66.201,-178.17,-246.09,-121.96,-230.03,-258.16,-83.718,-151.68,-214.67,-178.31,-129.07,-196.43,-156.22,-244.42,-208.99,-291.47,-252.91,-289.17,-352.67,-243.04,-311.06,-364.97,-283.51,-220.8,-322.6,-248.39,-366.14,-285.21,-328.38,-288.09,-94.85,-0,-230.62,-183.3,-210.11,-184.36,-171.86,-174.38,-239.16,-234.55,-370.01,-407.54,-343.31,-66.707,-115.62,-194.94,-351.73,-252.71,-237.44,-320.92,-294.45,-390.81,-311.02,-391.07,-359.7,-318.2,-435.14,-258.75,-196.89,-238.22,-154.24,-154.1,-132.08,-93.345,-306.08,-378.43,-446.96,-415.04,-389.03,-473.11,-435.26,-399.53,-212.01,-319.51,-361.78,-419.97,-436.38,-66.719,-87.587,-105.51,-220.13,-164.19,-161.83,-112.5,-106.93,-353.95,-378.94,-406.94,-393.93,-458.49,-487.29,-457.79,-443.53,-259.37,-276.88,-244.43
-316.58,-299.29,-356.44,-354.25,-287.06,-385.28,-315.77,-334.01,-371.55,-333.51,-281.66,-308.63,-320.82,-280.71,-237.87,-123.9,-120.76,-99.08,-75.251,-89.457,-64.649,-67.567,-255.29,-54.929,-94.684,-238.09,-94.371,-120.78,-127.58,-118.61,-173.55,-184.86,-191.24,-141.89,-292.49,-230.62,-0,-83.488,-69.834,-224.16,-130.68,-178.88,-199.97,-159.4,-154.18,-195.71,-137.2,-178.49,-126.03,-54.184,-131.39,-166.03,-144.34,-169.37,-130.15,-281.04,-230.92,-230.21,-266.6,-220.65,-336.27,-237.92,-297.52,-250.84,-86.385,-104.77,-175.41,-246.8,-191.01,-269.75,-306.08,-244.9,-186.75,-277.84,-225.04,-180.82,-273.78,-287.74,-300.59,-320.7,-271.39,-228.19,-159.03,-169.39,-234.71,-257.58,-189.69,-206.98,-167.34,-196.73,-287.13,-316.05,-311.99,-346.95,-289.42,-240.71,-230.05,-314.29,-272.64,-236.1
-321.27,-327.02,-325.87,-342.7,-238.46,-322.2,-296.45,-270.7,-309.02,-273.14,-214.09,-234.2,-247.09,-206.43,-163.22,-158.61,-134.41,-163.19,-126.68,-167.35,-140.46,-133.38,-233.25,-71.33,-143.89,-226.68,-112.01,-70.154,-153.83,-86.205,-200.29,-148.74,-177.81,-126.28,-258.51,-183.3,-83.488,-0,-39.262,-151.6,-58.078,-106.47,-144.18,-108.27,-202.73,-240.79,-213.29,-147.05,-110.18,-92.358,-196.29,-222.86,-194.51,-241.54,-204.93,-273.51,-193.36,-238.37,-329.01,-284.97,-401.96,-293.98,-310.99,-309.27,-61.54,-40.315,-100.55,-221.83,-260.73,-338.7,-380.75,-320.95,-262.31,-351.13,-296.93,-245.37,-201.17,-245.72,-283.16,-321.41,-291.87,-159.58,-107.45,-98.065,-262.24,-250.55,-200.12,-190.92,-155.14,-271.39,-348.94,-364.64,-330.2,-389.3,-340.01,-300.04,-278.11,-251.31,-216.57,-176.52
-344.11,-326.38,-349.36,-345.73,-264.48,-339.69,-295.86,-290.8,-319.5,-280.82,-234.18,-249.58,-258.61,-219.27,-178.51,-170.05,-151.24,-160.34,-129.96,-152.22,-128.94,-113.45,-212.97,-46.353,-118.74,-204.25,-83.232,-56.224,-125.6,-62.685,-172.8,-129.1,-154.63,-101.51,-285.74,-210.11,-69.834,-39.262,-0,-160.61,-69.011,-115.98,-135.99,-95.625,-175.26,-213.18,-195.9,-174.31,-133.16,-96.931,-174.6,-225.83,-199.93,-233.05,-194.22,-251.3,-175.78,-214.06,-328.59,-283.04,-397.37,-298.16,-332.28,-310.92,-82.654,-65.973,-117.47,-248.28,-254.5,-332.96,-367.41,-306.42,-244.57,-330.86,-276.17,-222.02,-210.06,-230.64,-264.41,-299.16,-267.13,-182.33,-134.93,-121.65,-278.77,-274.5,-219.63,-215.85,-178.96,-260.44,-347.45,-352.13,-310.99,-368.32,-313.89,-274.02,-250.72,-254.16,-209.43,-172.08
-260.16,-202.08,-251.22,-204.49,-209.26,-215.25,-158.99,-188.56,-170.38,-130.66,-141.72,-124.26,-108.45,-74.498,-71.101,-288.91,-254.54,-302.52,-266.6,-306.5,-281.93,-265.31,-186.99,-196.48,-247.86,-204.21,-200.54,-123.4,-216.14,-148.61,-235.43,-132.87,-179.96,-166.28,-261.97,-184.36,-224.16,-151.6,-160.61,-0,-100.52,-54.38,-74.944,-99.387,-279.81,-286.63,-348.02,-200.98,-209.63,-232.89,-308.53,-288.38,-310.68,-337.24,-330.66,-231,-144.36,-241.14,-328.03,-309.21,-391.93,-295.9,-293.53,-237.95,-187.45,-148.31,-80.235,-263.23,-310.26,-370.47,-426.92,-419.72,-389.39,-414.59,-394.79,-342.4,-57.416,-158.38,-211.38,-271.99,-283.39,-127.35,-161.08,-115.85,-330.05,-316.52,-292.95,-259.32,-235.72,-365.9,-313.55,-315.89,-265.7,-349.51,-345.72,-353.54,-315.99,-110.95,-103.8,-69.001
-320.02,-286.69,-305.9,-294.76,-221.5,-280.42,-247.57,-233.13,-259.42,-222.6,-176.77,-188.64,-197.5,-157.64,-117.6,-203.98,-175.26,-212.64,-176.02,-213.72,-188.55,-176.48,-211.98,-107.76,-178.89,-215.12,-134.78,-57.082,-169.22,-89.784,-210.68,-130.43,-170.77,-128.21,-255.08,-171.86,-130.68,-58.078,-69.011,-100.52,-0,-55.522,-102.34,-77.631,-228.57,-259.74,-258.28,-157.34,-139.64,-141.68,-236.18,-270.6,-241.9,-290.26,-252.95,-258.54,-166.81,-234.81,-373.6,-333.46,-436.4,-335.05,-328.6,-319.62,-101.39,-62.883,-59.155,-231.27,-309.33,-387.02,-425.9,-367.14,-306.94,-389.45,-337.49,-281.09,-150.31,-210.52,-255.26,-305.21,-289.13,-130.1,-110.7,-76.482,-295.09,-271.15,-231.95,-209.67,-178.33,-319.25,-370.71,-358.45,-307.77,-382.08,-350.61,-326.11,-295.37,-200.63,-171.32,-129.71
-297.11,-243.07,-281.44,-249.07,-212.93,-247.11,-202.33,-206.3,-214.76,-176.23,-153.48,-154,-152.55,-114.73,-86.133,-247.95,-216.04,-259.38,-222.47,-261.62,-236.52,-222.84,-192.39,-153.3,-213.85,-203.29,-166.98,-84.374,-191.55,-115.49,-220.02,-121.92,-168.28,-142.96,-258.13,-174.38,-178.88,-106.47,-115.98,-54.38,-55.522,-0,-74.215,-73.9,-255.45,-271.19,-305.51,-177.09,-174.33,-188.58,-273.86,-306.88,-286.61,-335.4,-299.97,-240.37,-146.48,-232.38,-360.15,-343.63,-417.8,-333.83,-324.86,-278.36,-145.15,-105.88,-55.801,-245.73,-338.7,-403.01,-444.22,-411.67,-352.29,-409.77,-370.51,-313.82,-103.61,-179.61,-228.31,-284.64,-282.72,-121.04,-132.93,-89.416,-324.86,-294.9,-263.18,-233.56,-206.48,-363.58,-340.94,-333.9,-282.12,-362.57,-347.39,-339.44,-302.34,-154.77,-132.69,-91.476
-260.38,-202.42,-264.38,-223.61,-273.17,-269.32,-170.08,-256.23,-216.43,-167.07,-208.64,-192.93,-167.39,-141.83,-137.64,-291.57,-265.93,-289.38,-257.77,-272.94,-258.52,-222.51,-125,-161.35,-191.73,-138.35,-145.52,-88.071,-152.72,-97.467,-168.85,-64.828,-111.9,-103.5,-302.85,-239.16,-199.97,-144.18,-135.99,-74.944,-102.34,-74.215,-0,-50.473,-215.26,-219.94,-303.6,-241.26,-231.6,-223.47,-250.2,-282.63,-307.2,-328.21,-312.61,-173.38,-78.881,-174.11,-300.67,-294.49,-354.42,-294.33,-293.34,-236.88,-191.53,-155.83,-119.8,-308.55,-300.54,-354.32,-386.19,-393.2,-338.51,-354.5,-330.6,-280.29,-107.61,-115.35,-161.46,-217.72,-220.93,-184.68,-195.55,-153.88,-332.52,-339.66,-321.18,-297.25,-268.48,-353.13,-277.78,-267.28,-215.14,-295.99,-285.45,-287.36,-249.05,-132.21,-83.838,-47.902
-301.66,-243.79,-304.09,-264.89,-278.36,-301.5,-211.58,-272.46,-254.4,-207.21,-220.61,-215.41,-200.17,-168.84,-151.83,-255.83,-232.35,-249.76,-218.91,-234.5,-217.98,-185.01,-141.67,-119.85,-156.73,-145.77,-109.08,-47.022,-126.97,-58.384,-154.05,-59.969,-103.8,-76.597,-314.89,-234.55,-159.4,-108.27,-95.625,-99.387,-77.631,-73.9,-50.473,-0,-192.3,-205.77,-267.84,-225.96,-204.19,-185.14,-216.97,-307.57,-287.76,-320.01,-280.65,-189.05,-97.787,-168.4,-332.3,-327.95,-380.02,-335.44,-334.06,-278.2,-158.42,-125.39,-114.93,-298.89,-329.73,-385.57,-399.83,-373.19,-305.41,-349.32,-310.08,-253.04,-142.49,-147.63,-187.95,-236.1,-222.35,-185.91,-178.79,-142.54,-351.37,-338.49,-295.76,-278.43,-246.21,-342.95,-307.72,-290.03,-239.64,-313.41,-286.2,-274.46,-237.15,-173.25,-123.86,-87.522
-392.57,-347.03,-412.2,-375.28,-425.02,-441.62,-322.62,-446.31,-387.08,-335.25,-394.34,-394.65,-368.62,-348.03,-330.51,-252.09,-261.63,-195.45,-202.65,-133.54,-159.38,-98.663,-168.39,-138.46,-65.987,-143.11,-98.696,-181.97,-74.519,-148.07,-59.713,-158.18,-125.71,-123.98,-429.11,-370.01,-154.18,-202.73,-175.26,-279.81,-228.57,-255.45,-215.26,-192.3,-0,-48.709,-126.08,-323.11,-271.41,-196.71,-62.219,-249.75,-244.82,-214.73,-184.79,-167.43,-185.91,-109.86,-328.07,-285.02,-285.83,-319.22,-385.79,-330.4,-228.91,-231.74,-280.07,-391.07,-246.89,-285.72,-247.51,-209.82,-142.27,-185.41,-135.85,-77.47,-314.49,-219.51,-204.82,-190.91,-129.22,-347.44,-296.46,-288.37,-327.57,-391.32,-324.02,-350.76,-311.58,-212.97,-296.33,-246.67,-223.57,-223,-150.64,-110.5,-84.538,-308.18,-258.17,-246.05
-383.81,-326.76,-390.16,-352.73,-452.57,-420.69,-300.17,-454.72,-365.51,-313.77,-414.69,-401.32,-355.57,-352.82,-345.77,-291.36,-302.23,-233.65,-242.8,-170.67,-198.79,-139.89,-146.42,-178.05,-107.91,-121.01,-136.02,-210.59,-99.382,-176.46,-58.927,-161.41,-119.07,-140.6,-437.63,-407.54,-195.71,-240.79,-213.18,-286.63,-259.74,-271.19,-219.94,-205.77,-48.709,-0,-149.21,-364.25,-312.85,-237.79,-91.961,-284.6,-282.32,-237.27,-217.37,-133.44,-174.69,-81.06,-303.54,-297.8,-252.2,-349.95,-404.42,-347.64,-270.02,-269.9,-307.26,-430.66,-269.43,-278.65,-219.6,-201.56,-149.01,-156.42,-118.5,-78.774,-313.97,-196.13,-174.03,-150.07,-87.847,-376.49,-334.96,-322.02,-360.56,-426.53,-363.21,-391.89,-352.66,-225.17,-255.79,-205.27,-184.13,-183.34,-112.43,-78.078,-46.065,-287.75,-244.55,-247.58
-300.14,-276.71,-352.82,-332.04,-394.19,-413.95,-294.03,-436.03,-370.46,-328,-402.66,-423.55,-380.45,-393.65,-365.77,-177.71,-204.72,-114.69,-141.23,-59.519,-97.782,-92.138,-283.17,-164.74,-120.63,-258.99,-164.31,-241.63,-168.25,-217.91,-177.69,-256.33,-236.59,-207.46,-366.93,-343.31,-137.2,-213.29,-195.9,-348.02,-258.28,-305.51,-303.6,-267.84,-126.08,-149.21,-0,-286.4,-233.42,-157.62,-70.628,-151.16,-156.15,-97.906,-80.451,-269.68,-293.1,-222.48,-229.38,-170.92,-231.04,-217.04,-284.41,-228.73,-210.34,-234.41,-303.65,-343.07,-131.26,-181.33,-183.48,-121.34,-60.477,-150.52,-102.45,-86.576,-370.42,-307.46,-286.26,-265.76,-216.28,-351.97,-278.92,-297.26,-227.33,-301.65,-243.41,-296,-262.57,-98.434,-253.83,-274.03,-278.84,-236.18,-187.08,-138.47,-158.11,-323.52,-333.39,-336.33
-184.45,-235.4,-199.02,-260.68,-120.41,-235.37,-283.11,-180.2,-284.56,-297.7,-138.15,-203.29,-259.03,-218.27,-161.91,-136.78,-96.616,-185.7,-150.96,-234.31,-195.67,-236.64,-354.38,-201.05,-262.8,-357,-246.53,-199.41,-286.93,-221.36,-333.32,-275.8,-311.29,-262.02,-122.24,-66.707,-178.49,-147.05,-174.31,-200.98,-157.34,-177.09,-241.26,-225.96,-323.11,-364.25,-286.4,-0,-59.131,-139.59,-298.29,-194.23,-178.31,-262.32,-235.89,-385.26,-310.06,-372.68,-302.44,-260.67,-377.86,-218.92,-184.44,-243.2,-104.72,-119.38,-134.65,-81.934,-247.99,-320.83,-389.25,-356.58,-331.45,-415.21,-378.67,-345.46,-239.33,-339.91,-353.2,-385.45,-416.9,-98.956,-58.435,-99.886,-166.84,-127.62,-105.42,-65.998,-48.915,-295.37,-322.33,-351.28,-348.26,-403.71,-445.56,-405.17,-398.9,-291.33,-293.83,-255.68
-226.89,-275.4,-251.1,-310.4,-171.26,-283.86,-310.84,-227.29,-328.13,-318.73,-182.32,-243.4,-286.66,-243.95,-187.83,-95.315,-56.293,-134.83,-98.527,-181.1,-142.3,-184,-331.54,-153.22,-211.44,-326.58,-199.73,-169.29,-239.36,-186.01,-286.47,-248.23,-277.65,-226,-173.15,-115.62,-126.03,-110.18,-133.16,-209.63,-139.64,-174.33,-231.6,-204.19,-271.41,-312.85,-233.42,-59.131,-0,-85.75,-245.25,-164.13,-140.91,-216.05,-186.18,-357.12,-290.53,-335.02,-273.07,-231,-348.43,-217.84,-212.01,-245.55,-58.438,-87.979,-139.47,-127.25,-216.55,-290.67,-355.59,-309.82,-279.15,-365.78,-325.77,-292.46,-253.6,-330.79,-326.42,-356.24,-377.88,-136.09,-63.045,-105.47,-169.07,-149.72,-104.43,-90.643,-53.404,-249.54,-293.09,-322.06,-319.08,-374.17,-398.33,-352.14,-346.93,-305.94,-294.54,-254.47
-286.09,-277.11,-323.67,-332.34,-250.85,-359.57,-294.98,-304.97,-361.89,-324.59,-256.58,-303.74,-324.8,-283.99,-235.65,-83.555,-74.902,-80.663,-45.247,-105.06,-68.317,-106.26,-295.32,-94.652,-139.37,-280.57,-137.63,-146.17,-172.5,-151.52,-218.61,-218.57,-232.78,-181.76,-252.74,-194.94,-54.184,-92.358,-96.931,-232.89,-141.68,-188.58,-223.47,-185.14,-196.71,-237.79,-157.62,-139.59,-85.75,-0,-165.86,-141.25,-114.68,-159.77,-127.21,-317.47,-264.72,-274.81,-246.43,-202.2,-320.35,-214.06,-263.78,-228.22,-62.021,-95.188,-174.19,-205.53,-178.02,-256.51,-306.42,-249.85,-205.87,-296.32,-249.41,-213.49,-281.79,-309.23,-300.03,-328.04,-314.46,-205.26,-129.2,-153.93,-196.88,-212.7,-144.57,-163.63,-123.52,-192.88,-266.79,-295.83,-292.95,-343.23,-323.65,-273.94,-270.09,-314.32,-294.76,-257.19
-353.37,-330.07,-405.88,-384.75,-407.66,-462,-345.04,-449.16,-418.93,-373.47,-396.92,-413.14,-404.5,-375.45,-343.03,-210.2,-226.22,-150.3,-163.48,-86.373,-117.94,-70.395,-223.1,-137.66,-70.06,-198,-115.09,-200.32,-107.43,-167.74,-114.36,-199.07,-174.43,-153.06,-402.63,-351.73,-131.39,-196.29,-174.6,-308.53,-236.18,-273.86,-250.2,-216.97,-62.219,-91.961,-70.628,-298.29,-245.25,-165.86,-0,-201.3,-198.47,-160.86,-133.25,-218.45,-233.81,-163.53,-286.56,-232.42,-268.47,-269.88,-337.42,-281.98,-209.96,-222.61,-284.62,-363.28,-193.56,-237.85,-221.68,-165.84,-94.577,-170.62,-111.32,-57.786,-349.71,-273.92,-257.27,-231.42,-171.14,-344.9,-280.79,-285.26,-278.78,-348.7,-283.05,-320.25,-281.02,-160.34,-302.87,-278.38,-267.13,-239.07,-170.69,-118.64,-116.19,-354.79,-303.61,-284.17
-164.09,-141.97,-218.12,-197.52,-283.2,-279.63,-159.93,-315.23,-236.44,-194.45,-321.91,-314.78,-247.57,-276.8,-316.64,-77.339,-115.97,-72.638,-103.99,-120.53,-110.86,-171.89,-217.28,-213.04,-215.01,-237.15,-243.89,-275.61,-264.87,-276.78,-291.45,-291.66,-283.22,-291.92,-235.23,-252.71,-166.03,-222.86,-225.83,-288.38,-270.6,-306.88,-282.63,-307.57,-249.75,-284.6,-151.16,-194.23,-164.13,-141.25,-201.3,-0,-40.424,-77.56,-77.118,-205.84,-245.78,-265.58,-113.63,-71.044,-188.85,-78.367,-146.54,-92.663,-181.35,-219.56,-290.13,-213.31,-56.793,-130.76,-199.1,-171.12,-172.61,-235.58,-224.76,-227.6,-247.46,-189.07,-167.78,-197.17,-256.21,-283.59,-218.55,-260.18,-81.592,-155.37,-100.84,-162.41,-151.46,-111.51,-133.79,-162.77,-159.85,-215.21,-272.2,-270.09,-293.26,-191.01,-210.48,-250.02
-194.69,-173.04,-249.13,-228.6,-284.71,-310.66,-191.05,-333.29,-267.53,-225.55,-307.5,-339.19,-278.7,-307.57,-312.14,-56.292,-94.535,-58.062,-78.786,-116.31,-98.872,-163.92,-248.44,-190.99,-206.36,-268.31,-227.03,-248.94,-253.62,-252.7,-287.86,-308.2,-304.58,-275.68,-248.95,-237.44,-144.34,-194.51,-199.93,-310.68,-241.9,-286.61,-307.2,-287.76,-244.82,-282.32,-156.15,-178.31,-140.91,-114.68,-198.47,-40.424,-0,-99.989,-85.41,-237,-276.96,-294.8,-144.75,-101.93,-219.97,-108.82,-174.03,-123.68,-153.12,-190.88,-263.11,-208.5,-85.493,-161.32,-229.14,-196.07,-186.36,-258.39,-238.82,-231.41,-278.64,-220.27,-198.94,-228.34,-286.36,-264.27,-195.12,-234.18,-101.53,-163.74,-96.408,-155.6,-137.8,-134.88,-164.94,-193.94,-191.01,-246.29,-300.11,-281.29,-301.31,-222.23,-241.75,-281.15
-219.91,-196.11,-272.24,-251.33,-342.62,-333.28,-213.04,-369.7,-289.42,-246.81,-384.17,-366.7,-299.46,-328.46,-365.25,-141.07,-177.12,-87.662,-123.09,-98.512,-109.92,-154.3,-253.3,-213.78,-194.83,-273.02,-230.24,-283.41,-245.1,-277.53,-265.3,-316.3,-304.55,-275.82,-293.5,-320.92,-169.37,-241.54,-233.05,-337.24,-290.26,-335.4,-328.21,-320.01,-214.73,-237.27,-97.906,-262.32,-216.05,-159.77,-160.86,-77.56,-99.989,-0,-50.409,-241.01,-283.42,-290.29,-138.99,-77.994,-184.32,-137.59,-204.63,-148.53,-209.67,-245.88,-323.36,-286.42,-37.622,-109.22,-154.27,-105.41,-105.18,-169.13,-155.82,-169.8,-298.42,-227.16,-203.49,-230.8,-274.78,-342.61,-268.02,-300.63,-149.87,-225.75,-175.27,-236.95,-224.37,-45.494,-165.71,-195.39,-193.36,-231.02,-235.49,-203.36,-234.82,-241.93,-258.67,-298.74
-226.49,-203.11,-279.24,-258.47,-336.71,-340.49,-220.5,-372.94,-296.95,-254.53,-360.42,-370.96,-307.38,-335.7,-344.77,-117.03,-149.83,-58.055,-93.251,-59.776,-72.427,-115.03,-270.95,-173.24,-156.76,-284.74,-190.59,-244.4,-206.7,-236.8,-232.24,-284.57,-274.69,-236.48,-297.44,-294.45,-130.15,-204.93,-194.22,-330.66,-252.95,-299.97,-312.61,-280.65,-184.79,-217.37,-80.451,-235.89,-186.18,-127.21,-133.25,-77.118,-85.41,-50.409,-0,-259.46,-294.01,-278.28,-164.05,-110.28,-222.33,-143.26,-210.71,-155.08,-178.68,-213.47,-289.43,-279.98,-72.954,-150.54,-192.61,-136.6,-111.66,-192.98,-163.4,-157.24,-306.56,-244.12,-222.02,-250.38,-275.02,-313.15,-237.82,-269.35,-153.27,-228.02,-171.75,-230.54,-205.65,-79.452,-186.58,-215.82,-213.33,-253.4,-248.1,-205.67,-228.86,-250.17,-268.32,-306.33
-267.42,-209.76,-273.32,-236.38,-358.15,-308.42,-184.73,-357.05,-253.99,-202.81,-358.83,-311.91,-246.83,-264.41,-292.83,-277.86,-316.66,-265.55,-300.4,-286.8,-295.42,-250.25,-54.085,-242.54,-208.1,-52.287,-196.42,-216.7,-159.85,-194.18,-125.02,-136.65,-102.6,-155.77,-327.22,-390.81,-281.04,-273.51,-251.3,-231,-258.54,-240.37,-173.38,-189.05,-167.43,-133.44,-269.68,-385.26,-357.12,-317.47,-218.45,-205.84,-237,-241.01,-259.46,-0,-100.91,-65.96,-193.84,-198.74,-204.74,-247.96,-295.57,-238.16,-323.85,-296.94,-285.08,-370.65,-209.57,-252.65,-224.08,-257.99,-249.91,-193.68,-200.28,-196.4,-217.72,-83.782,-47.105,-54.195,-67.799,-348.23,-353.18,-317.64,-266.08,-336.44,-297.89,-358.93,-350.98,-265.61,-152.32,-112.02,-69.097,-131.18,-121.9,-151.81,-122.91,-178.06,-141,-170.12
-242.52,-184.63,-247.61,-208.84,-323.25,-273.79,-155.11,-310.92,-217.87,-165.77,-279,-253.21,-203.62,-201.59,-208.25,-311.71,-315.19,-298.62,-294.44,-274.2,-280.79,-221.34,-51.681,-186.14,-186.35,-67.05,-149.45,-132.05,-134.69,-122.37,-133.92,-53.351,-69.437,-98.974,-301.75,-311.02,-230.92,-193.36,-175.78,-144.36,-166.81,-146.48,-78.881,-97.787,-185.91,-174.69,-293.1,-310.06,-290.53,-264.72,-233.81,-245.78,-276.96,-283.42,-294.01,-100.91,-0,-110.21,-245.3,-242.54,-290.13,-273.04,-275.28,-218.56,-244.07,-212.51,-191.86,-342.26,-252.2,-301.57,-317.12,-341.58,-311.09,-286.74,-278.89,-245.58,-156.37,-67.105,-96.681,-146.69,-151.11,-257.52,-263.43,-224.69,-303.05,-332.87,-335.17,-356.61,-332.33,-308.82,-218.98,-199.3,-148.13,-224.94,-214.17,-230.28,-192.54,-138.07,-84.712,-87.249
-310.59,-252.84,-316.25,-278.96,-397.42,-347.53,-226.47,-393.04,-292.3,-240.58,-372.49,-343.15,-283.5,-294.78,-302.55,-324.31,-338.11,-292.25,-292.6,-236.23,-258.74,-194.2,-74.14,-196.21,-151.52,-51.035,-148.45,-186.69,-108.27,-159.02,-67.346,-118.21,-72.382,-118.6,-370.04,-391.07,-230.21,-238.37,-214.06,-241.14,-234.81,-232.38,-174.11,-168.4,-109.86,-81.06,-222.48,-372.68,-335.02,-274.81,-163.53,-265.58,-294.8,-290.29,-278.28,-65.96,-110.21,-0,-253.49,-258.79,-250.98,-307.54,-341.92,-285.11,-286.35,-264.38,-274.92,-409.54,-269.35,-302.3,-250.69,-256.25,-218.99,-197.39,-178.55,-153.05,-249.71,-122.63,-102.79,-103.81,-65.021,-344.7,-328.78,-300.52,-325.81,-389.48,-356.48,-401.67,-375.37,-288.92,-209.64,-164.55,-127.54,-171.36,-126.79,-129.77,-90.719,-214.67,-173.27,-189.28
-238.74,-213.19,-288.63,-264.68,-362.11,-343.26,-219.45,-383.69,-294.32,-247.04,-409.29,-364.97,-296.95,-324.32,-372.24,-185.82,-224.74,-172.71,-208.3,-215.09,-209.1,-268.42,-213.12,-313.27,-310.83,-230.24,-340.36,-363.94,-337.06,-356.06,-310.84,-292.2,-278.62,-329.82,-312.72,-359.7,-266.6,-329.01,-328.59,-328.03,-373.6,-360.15,-300.67,-332.3,-328.07,-303.54,-229.38,-302.44,-273.07,-246.43,-286.56,-113.63,-144.75,-138.99,-164.05,-193.84,-245.3,-253.49,-0,-74.111,-86.393,-159.13,-225.12,-167.75,-289.19,-327.22,-384.34,-314.94,-107.17,-89.031,-125.27,-167.93,-222.17,-188.41,-240.27,-285.54,-290.78,-191.03,-160.66,-170.63,-231.88,-390.14,-327.49,-368.96,-175.49,-251.89,-206.44,-267.86,-259.49,-153.09,-70.448,-118.51,-138.42,-149.39,-217.37,-257.72,-274.47,-234.8,-241.52,-280.78
-199.98,-175.47,-251.5,-229.93,-323.9,-311.09,-189.65,-348.78,-265.57,-221.53,-375.41,-340.63,-272.99,-301.41,-349.86,-143.5,-182.66,-128.06,-164.22,-163.25,-162.62,-218.27,-211.93,-266.81,-260.43,-231.39,-292.68,-332.41,-307.82,-328.76,-308.34,-289.43,-278.58,-322.38,-274.01,-318.2,-220.65,-284.97,-283.04,-309.21,-333.46,-343.63,-294.49,-327.95,-285.02,-297.8,-170.92,-260.67,-231,-202.2,-232.42,-71.044,-101.93,-77.994,-110.28,-198.74,-242.54,-258.79,-74.111,-0,-132.11,-119.31,-185.61,-128.7,-246.14,-283.95,-351.27,-274.07,-46.898,-70.051,-138.84,-132.56,-168.42,-191.58,-209.4,-237.86,-270.04,-186.81,-161.8,-187.79,-247.7,-349.79,-285.43,-326.84,-134.78,-211.19,-164.98,-226.5,-217.77,-93.484,-116.57,-151.11,-150.33,-193.53,-246.19,-253.32,-282.15,-213.64,-227.29,-267.63
-314.74,-288.49,-362.79,-335.42,-437.29,-412.81,-287.96,-455.92,-362.51,-314.62,-479.68,-432.33,-364.28,-391.45,-438.91,-261.15,-300.13,-246.82,-282.63,-266.93,-279.79,-311.21,-248.56,-375.84,-326.9,-250.92,-365.72,-409.74,-335.96,-389.88,-295.07,-332.07,-301.02,-353.36,-388.58,-435.14,-336.27,-401.96,-397.37,-391.93,-436.4,-417.8,-354.42,-380.02,-285.83,-252.2,-231.04,-377.86,-348.43,-320.35,-268.47,-188.85,-219.97,-184.32,-222.33,-204.74,-290.13,-250.98,-86.393,-132.11,-0,-234.97,-301.02,-243.76,-364.06,-401.92,-450.66,-390.56,-166.49,-86.889,-59.513,-121.48,-186.25,-115.66,-173.82,-232.73,-357.28,-246.54,-201.4,-157.35,-202.83,-464.03,-402.84,-443.58,-251.16,-327.55,-281.92,-343.35,-334.92,-160.26,-87.21,-103.33,-151.92,-92.496,-153.93,-187.5,-215.63,-301.57,-301.92,-339.27
-127.17,-130.38,-203.54,-193.39,-251.62,-273.59,-158.3,-295.59,-234.52,-193.75,-315.9,-314.04,-247.61,-277.55,-324.54,-146.5,-178.63,-143.94,-176.93,-190.3,-181.39,-242.02,-257.94,-284.96,-285.22,-278.37,-314.79,-345.61,-334.57,-346.07,-352.11,-313.98,-322.57,-352.63,-191.89,-258.75,-237.92,-293.98,-298.16,-295.9,-335.05,-333.83,-294.33,-335.44,-319.22,-349.95,-217.04,-218.92,-217.84,-214.06,-269.88,-78.367,-108.82,-137.59,-143.26,-247.96,-273.04,-307.54,-159.13,-119.31,-234.97,-0,-84.526,-68.078,-250.22,-286.22,-331.33,-187.22,-111.75,-180.04,-249.09,-226.31,-235.35,-290.73,-286.53,-293.4,-251.01,-219.45,-209.58,-240.24,-298.83,-304.82,-257.58,-302.43,-67.229,-116.44,-127.49,-167.24,-180.75,-169,-177.98,-206.56,-202.97,-259.12,-316.85,-331.52,-348.74,-194.47,-222.3,-260.85
-67.889,-109.17,-156.76,-178.55,-181.59,-238.52,-153.99,-234.64,-228.27,-190.17,-248.86,-294.16,-244.24,-274.26,-298.92,-199.07,-203.78,-211.6,-239.32,-257.95,-248.83,-309.11,-277.14,-339.39,-351.79,-302.48,-373.53,-355.2,-385.96,-364.55,-386.73,-314.28,-334.77,-363.31,-119.76,-196.89,-297.52,-310.99,-332.28,-293.53,-328.6,-324.86,-293.34,-334.06,-385.79,-404.42,-284.41,-184.44,-212.01,-263.78,-337.42,-146.54,-174.03,-204.63,-210.71,-295.57,-275.28,-341.92,-225.12,-185.61,-301.02,-84.526,-0,-77.894,-262.39,-287.47,-304.43,-121.35,-178.51,-246.36,-315.43,-293,-302.5,-357.38,-353.63,-360.77,-248.27,-226.02,-257.49,-303.63,-352.68,-251.95,-232.7,-274.05,-102.83,-74.801,-137.65,-129.7,-165.14,-235.86,-243.65,-272.14,-268.03,-324.71,-380.69,-397.66,-405.76,-192.01,-221.38,-259.73
-78.673,-69.012,-143.49,-133.37,-205.12,-213.75,-99.553,-239.07,-175.56,-135.16,-269.29,-255.73,-189.07,-219.07,-270.02,-162.63,-199.81,-156.83,-190.71,-202.67,-194,-254.52,-220.41,-297.73,-297.72,-245.76,-324.02,-317.07,-330.96,-319.55,-330.27,-257.59,-278.07,-307.39,-152.85,-238.22,-250.84,-309.27,-310.92,-237.95,-319.62,-278.36,-236.88,-278.2,-330.4,-347.64,-228.73,-243.2,-245.55,-228.22,-281.98,-92.663,-123.68,-148.53,-155.08,-238.16,-218.56,-285.11,-167.75,-128.7,-243.76,-68.078,-77.894,-0,-268.15,-305.82,-305,-176.97,-122.09,-189.49,-258.56,-236.53,-246.6,-300.85,-297.66,-305.09,-192.71,-169.12,-199.67,-244.58,-294.67,-288.65,-284.41,-316.79,-119.31,-140.83,-170.95,-195.37,-220.08,-179.55,-185.74,-214.04,-209.05,-266.63,-322.14,-340.78,-348.08,-136.27,-164.92,-203.32
-277,-310.79,-294.72,-348.51,-210.73,-317.74,-323.75,-260.88,-336.98,-305.78,-209.63,-252.95,-276.97,-234.84,-184.23,-112.59,-83.953,-129.12,-90.819,-159.14,-123.16,-145.96,-284.19,-104.74,-167.67,-277.23,-151.26,-121.2,-192.75,-136.33,-240.07,-199.98,-228.09,-175.91,-219.59,-154.24,-86.385,-61.54,-82.654,-187.45,-101.39,-145.15,-191.53,-158.42,-228.91,-270.02,-210.34,-104.72,-58.438,-62.021,-209.96,-181.35,-153.12,-209.67,-178.68,-323.85,-244.07,-286.35,-289.19,-246.14,-364.06,-250.22,-262.39,-268.15,-0,-47.091,-123.61,-176.91,-225.57,-302.66,-356.65,-301.77,-258.69,-348.74,-300.87,-258.93,-235.32,-294.8,-326.35,-360.81,-336.54,-154.68,-80.618,-100.03,-211.96,-201.14,-148.72,-142.41,-105.07,-243.56,-309.4,-338.4,-335.38,-387.12,-365.28,-318.32,-305.51,-287.94,-261.32,-220.94
-295.19,-324.47,-297.98,-335.94,-209.74,-303.18,-296.03,-247.97,-301.36,-268,-190.96,-221.02,-239.42,-197.89,-150.58,-151.04,-121.55,-165.38,-127.14,-186.01,-154.02,-159.08,-254.57,-99.886,-172.23,-250.59,-141.27,-91.042,-182.97,-111.1,-228.95,-170.53,-202.35,-151.9,-230.19,-154.1,-104.77,-40.315,-65.973,-148.31,-62.883,-105.88,-155.83,-125.39,-231.74,-269.9,-234.41,-119.38,-87.979,-95.188,-222.61,-219.56,-190.88,-245.88,-213.47,-296.94,-212.51,-264.38,-327.22,-283.95,-401.92,-286.22,-287.47,-305.82,-47.091,-0,-87.405,-194.83,-262.69,-340.1,-391.09,-334.52,-283.24,-372.77,-320.8,-271.91,-196.7,-261.45,-302.31,-344.55,-318.49,-133.79,-77.342,-72.251,-245.52,-226.47,-181.99,-165.8,-131.49,-278.85,-347.42,-372.59,-349.51,-408.27,-367.98,-327.63,-306.93,-249.61,-224.4,-183.39
-286.23,-269.44,-260.71,-267.18,-174.91,-233.33,-224.52,-183.79,-224.2,-193.63,-126.73,-142.26,-162.34,-119.53,-71.413,-221.29,-185.27,-243.22,-205.39,-257.68,-229.76,-223.52,-237.56,-156.07,-228.98,-247.72,-186.65,-109.92,-220.45,-141.77,-257.72,-165.68,-210.82,-177.53,-215.93,-132.08,-175.41,-100.55,-117.47,-80.235,-59.155,-55.801,-119.8,-114.93,-280.07,-307.26,-303.65,-134.65,-139.47,-174.19,-284.62,-290.13,-263.11,-323.36,-289.43,-285.08,-191.86,-274.92,-384.34,-351.27,-450.66,-331.33,-304.43,-305,-123.61,-87.405,-0,-202.37,-335.78,-409.25,-459.4,-407.22,-352.24,-433.77,-385.5,-330.96,-124.05,-222.59,-272.71,-329.17,-325.9,-81.921,-92.791,-48.946,-286.43,-252.9,-223.84,-191.66,-166.45,-355.13,-378.87,-377.36,-326.5,-406.81,-389.55,-373.9,-340.9,-179.03,-171.45,-132.24
-113.02,-168.46,-149.21,-205.84,-107.75,-212.59,-219.72,-176.55,-258.95,-256.93,-162.36,-229.16,-285.12,-260.75,-212.38,-181.11,-150.2,-240.54,-211.54,-295.22,-257.56,-303.46,-348.88,-272.71,-331.65,-373.66,-318.48,-274.36,-358.07,-296.08,-402.82,-344.45,-376.79,-336.61,-68.261,-93.345,-246.8,-221.83,-248.28,-263.23,-231.27,-245.73,-308.55,-298.89,-391.07,-430.66,-343.07,-81.934,-127.25,-205.53,-363.28,-213.31,-208.5,-286.42,-279.98,-370.65,-342.26,-409.54,-314.94,-274.07,-390.56,-187.22,-121.35,-176.97,-176.91,-194.83,-202.37,-0,-263.63,-334.51,-403.31,-378.14,-376.61,-442.14,-427.8,-408.03,-286.92,-297.64,-333.44,-388.43,-429.22,-149.15,-131.82,-169.64,-159.57,-86.411,-119.42,-60.653,-90.925,-319.24,-334.34,-363.07,-356.81,-415.36,-465.65,-462.06,-458.8,-262.14,-291.72,-307.83
-193.48,-169.41,-245.54,-224.52,-317.31,-306.42,-185.93,-343.14,-262.27,-219.44,-367.65,-339.33,-271.86,-300.74,-347.9,-128.43,-168.43,-103.75,-140.72,-125.44,-131.62,-181.61,-221.92,-236.36,-223.23,-241.61,-257.16,-304.79,-273.38,-300.97,-293.56,-298.78,-288,-302.39,-267.36,-306.08,-191.01,-260.73,-254.5,-310.26,-309.33,-338.7,-300.54,-329.73,-246.89,-269.43,-131.26,-247.99,-216.55,-178.02,-193.56,-56.793,-85.493,-37.622,-72.954,-209.57,-252.2,-269.35,-107.17,-46.898,-166.49,-111.75,-178.51,-122.09,-225.57,-262.69,-335.78,-263.63,-0,-90.749,-152.24,-118.58,-135.31,-184.67,-183.62,-202.05,-270.42,-196.03,-172.08,-199.32,-258.38,-336.95,-270.81,-310.28,-125.29,-201.47,-153.31,-214.94,-205.17,-63.019,-134.24,-163.89,-161.88,-211.44,-251.08,-231.17,-264.12,-213.97,-229.95,-270.12
-260.78,-236.35,-312.45,-290.92,-384.73,-372.3,-250.92,-409.8,-326.98,-283.08,-436.2,-402.12,-334.51,-362.87,-411.05,-203.27,-242.54,-182.72,-219.11,-199.5,-211.33,-253.48,-270.46,-313.83,-288.84,-288.2,-328.48,-382.53,-333.84,-374.41,-324.16,-348.17,-334.29,-365.23,-334.8,-378.43,-269.75,-338.7,-332.96,-370.47,-387.02,-403.01,-354.32,-385.57,-285.72,-278.65,-181.33,-320.83,-290.67,-256.51,-237.85,-130.76,-161.32,-109.22,-150.54,-252.65,-301.57,-302.3,-89.031,-70.051,-86.889,-180.04,-246.36,-189.49,-302.66,-340.1,-409.25,-334.51,-90.749,-0,-79.841,-92.313,-153.51,-138.26,-176.31,-223.69,-331.36,-246.26,-220.05,-225.63,-263.84,-409.83,-344.93,-385.5,-195.3,-271.72,-225.27,-286.8,-277.93,-92.057,-137.78,-176.29,-203.43,-164.71,-204.13,-212.55,-249.28,-274.96,-288.06,-328.31
-329.85,-305.28,-381.12,-358.62,-453.63,-438.86,-316.86,-477.62,-392.49,-347.52,-502.75,-466.13,-398.42,-426.36,-472.59,-271.01,-309.74,-235.56,-271.27,-225.9,-253.88,-266.44,-271.82,-338.47,-282.77,-268.77,-326.36,-403.19,-305.07,-374.74,-269.92,-350.92,-310.69,-346.58,-403.82,-446.96,-306.08,-380.75,-367.41,-426.92,-425.9,-444.22,-386.19,-399.83,-247.51,-219.6,-183.48,-389.25,-355.59,-306.42,-221.68,-199.1,-229.14,-154.27,-192.61,-224.08,-317.12,-250.69,-125.27,-138.84,-59.513,-249.09,-315.43,-258.56,-356.65,-391.09,-459.4,-403.31,-152.24,-79.841,-0,-73.611,-137.9,-74.598,-128.62,-188.17,-393.63,-284.7,-234.55,-177.06,-197.88,-476.28,-408.75,-444.16,-264.3,-340.62,-293.99,-355.54,-346.53,-123.47,-135.35,-138.61,-185.98,-102,-134.37,-150.7,-184.82,-338.04,-338.3,-374.26
-307.87,-283.77,-359.9,-338.76,-431.22,-420.6,-299.92,-457.38,-376.23,-333.22,-475.75,-452.78,-385.51,-414.26,-451.32,-236.22,-271.53,-181.38,-216.68,-163.36,-194.33,-204.78,-301.74,-277.27,-227.29,-292.17,-272.62,-350.82,-265.85,-325.46,-250.87,-348.19,-309.25,-310.79,-381.72,-415.04,-244.9,-320.95,-306.42,-419.72,-367.14,-411.67,-393.2,-373.19,-209.82,-201.56,-121.34,-356.58,-309.82,-249.85,-165.84,-171.12,-196.07,-105.41,-136.6,-257.99,-341.58,-256.25,-167.93,-132.56,-121.48,-226.31,-293,-236.53,-301.77,-334.52,-407.22,-378.14,-118.58,-92.313,-73.611,-0,-78.459,-76.874,-93.923,-144.61,-383.54,-302.1,-269.16,-218.19,-212.18,-435.98,-361.44,-391.72,-239.95,-316.13,-267.89,-329.48,-318.41,-72.975,-194.28,-196.94,-236.26,-150.15,-148.69,-137.58,-175.47,-327.2,-340.99,-379.79
-317.98,-294.37,-370.49,-349.62,-430,-431.53,-311.29,-463.63,-387.66,-345.04,-449.01,-455.2,-397.56,-421.24,-413.22,-217.44,-247.76,-155.45,-186,-108.06,-145.98,-138.77,-282.73,-212.36,-157.09,-260.05,-202.91,-285.14,-196.72,-256,-192.32,-286.67,-255.79,-242.15,-389.78,-389.03,-186.75,-262.31,-244.57,-389.39,-306.94,-352.29,-338.51,-305.41,-142.27,-149.01,-60.477,-331.45,-279.15,-205.87,-94.577,-172.61,-186.36,-105.18,-111.66,-249.91,-311.09,-218.99,-222.17,-168.42,-186.25,-235.35,-302.5,-246.6,-258.69,-283.24,-352.24,-376.61,-135.31,-153.51,-137.9,-78.459,-0,-103.09,-63.827,-80.672,-392.2,-311.04,-279.86,-232.05,-193.48,-399.21,-326.06,-345.58,-246.89,-322.44,-269.29,-328.32,-304.28,-86.283,-245.2,-240.73,-261.77,-189.8,-149.66,-109.55,-139.48,-340.08,-349.03,-365.82
-372.15,-346.2,-420.17,-394.15,-492.72,-472.26,-349.19,-513.39,-423.33,-376.2,-522,-490.06,-424.37,-445.96,-470.32,-296.72,-330.5,-239.03,-272.48,-200.31,-237.81,-226.15,-241.07,-296.37,-229.31,-230.26,-269.71,-350.88,-244.33,-317.42,-207.47,-302.6,-257.56,-287.2,-445.53,-473.11,-277.84,-351.13,-330.86,-414.59,-389.45,-409.77,-354.5,-349.32,-185.41,-156.42,-150.52,-415.21,-365.78,-296.32,-170.62,-235.58,-258.39,-169.13,-192.98,-193.68,-286.74,-197.39,-188.41,-191.58,-115.66,-290.73,-357.38,-300.85,-348.74,-372.77,-433.77,-442.14,-184.67,-138.26,-74.598,-76.874,-103.09,-0,-69.232,-128.38,-402.33,-269.25,-218.58,-156.29,-149.18,-484.68,-414.36,-433.42,-304.51,-380.71,-332.25,-393.71,-380.63,-136.56,-176.58,-150.68,-182.07,-98.493,-83.582,-86.914,-122.59,-358.93,-327.55,-357.14
-368.99,-345.07,-420.7,-398.34,-479.09,-477.77,-357.34,-512.01,-431.1,-385.44,-490.08,-490.53,-433.46,-449.51,-440.2,-267.93,-296.78,-205.72,-233.76,-151.45,-190.47,-169.93,-239.73,-240.59,-172.65,-219.88,-215.05,-299.43,-198.23,-266.21,-170.35,-272.73,-229.61,-244.63,-440.55,-435.26,-225.04,-296.93,-276.17,-394.79,-337.49,-370.51,-330.6,-310.08,-135.85,-118.5,-102.45,-378.67,-325.77,-249.41,-111.32,-224.76,-238.82,-155.82,-163.4,-200.28,-278.89,-178.55,-240.27,-209.4,-173.82,-286.53,-353.63,-297.66,-300.87,-320.8,-385.5,-427.8,-183.62,-176.31,-128.62,-93.923,-63.827,-69.232,-0,-69.318,-408.07,-277.95,-235.97,-180.87,-144.26,-440.27,-370.06,-383.74,-298.41,-374.1,-321.47,-380.05,-353.77,-131.21,-233.2,-199.22,-214.96,-148.84,-97.37,-59.531,-94.481,-368.06,-333.87,-353.92
-376.35,-350.75,-425.04,-399.68,-453.65,-475.05,-355.35,-489.38,-426.12,-377.92,-443.14,-451.38,-420.02,-409.25,-386.15,-249,-270.67,-186.9,-207.07,-125.27,-161.43,-120.46,-218.5,-184.94,-112.8,-193.63,-154.2,-239.11,-139.83,-205.78,-123.6,-224.5,-188.59,-187.61,-437.13,-399.53,-180.82,-245.37,-222.02,-342.4,-281.09,-313.82,-280.29,-253.04,-77.47,-78.774,-86.576,-345.46,-292.46,-213.49,-57.786,-227.6,-231.41,-169.8,-157.24,-196.4,-245.58,-153.05,-285.54,-237.86,-232.73,-293.4,-360.77,-305.09,-258.93,-271.91,-330.96,-408.03,-202.05,-223.69,-188.17,-144.61,-80.672,-128.38,-69.318,-0,-376.81,-266.01,-236.8,-196.01,-141.62,-392.67,-329.47,-333.58,-303.76,-377.42,-317.92,-363.82,-326.53,-156.92,-277.61,-235.42,-232.37,-193.3,-125.86,-72.949,-81.877,-356.28,-314.33,-311.24
-214.64,-156.18,-207.82,-153.51,-221.52,-177.94,-109.5,-183.34,-122.54,-78.672,-151.51,-110.16,-66.114,-55.341,-92.045,-311.27,-299.51,-307.87,-311.85,-342.76,-323.53,-312.86,-182.72,-245.51,-290.15,-206.97,-243.73,-172.19,-252.43,-193.22,-267.35,-163.3,-207.71,-203.47,-260.54,-212.01,-273.78,-201.17,-210.06,-57.416,-150.31,-103.61,-107.61,-142.49,-314.49,-313.97,-370.42,-239.33,-253.6,-281.79,-349.71,-247.46,-278.64,-298.42,-306.56,-217.72,-156.37,-249.71,-290.78,-270.04,-357.28,-251.01,-248.27,-192.71,-235.32,-196.7,-124.05,-286.92,-270.42,-331.36,-393.63,-383.54,-392.2,-402.33,-408.07,-376.81,-0,-137.36,-192.45,-255.41,-277.18,-157.66,-202.53,-157.96,-293.49,-305.39,-317.35,-296.9,-275.99,-328.13,-278.41,-290.62,-245.81,-330.61,-333.66,-360.51,-327.79,-63.545,-87.427,-80.661
-193.41,-135.6,-198.82,-160.98,-283.7,-229.09,-108.09,-278.43,-173.66,-121.87,-279.84,-230.6,-165.13,-183.38,-217.11,-261.02,-299.68,-249.14,-284.44,-292.53,-285.68,-278.2,-55.781,-244.2,-240.35,-81.794,-208.26,-185.15,-188.13,-179.51,-168.77,-111.49,-118.47,-158.06,-252.98,-319.51,-287.74,-245.72,-230.64,-158.38,-210.52,-179.61,-115.35,-147.63,-219.51,-196.13,-307.46,-339.91,-330.79,-309.23,-273.92,-189.07,-220.27,-227.16,-244.12,-83.782,-67.105,-122.63,-191.03,-186.81,-246.54,-219.45,-226.02,-169.12,-294.8,-261.45,-222.59,-297.64,-196.03,-246.26,-284.7,-302.1,-311.04,-269.25,-277.95,-266.01,-137.36,-0,-57.812,-120.48,-144.22,-276.96,-300.78,-258.23,-246.45,-282.82,-280.18,-324.97,-332.03,-253.36,-168.31,-163.88,-111.92,-197.63,-199.28,-229.02,-197.64,-96.32,-64.731,-99.555
-230.77,-173.21,-236.87,-200.11,-321.82,-274.85,-148.97,-323.45,-221.22,-171.13,-333.6,-283.7,-217.66,-237.88,-271.36,-239.8,-278.61,-227.54,-262.9,-271.28,-264.18,-278.72,-57.86,-263.96,-238.8,-74.111,-220.03,-223.02,-187.3,-209.35,-158.13,-142.35,-122.65,-174.66,-290.68,-361.78,-300.59,-283.16,-264.41,-211.38,-255.26,-228.31,-161.46,-187.95,-204.82,-174.03,-286.26,-353.2,-326.42,-300.03,-257.27,-167.78,-198.94,-203.49,-222.02,-47.105,-96.681,-102.79,-160.66,-161.8,-201.4,-209.58,-257.49,-199.67,-326.35,-302.31,-272.71,-333.44,-172.08,-220.05,-234.55,-269.16,-279.86,-218.58,-235.97,-236.8,-192.45,-57.812,-0,-68.175,-106.59,-330.11,-344.91,-307.77,-227.86,-297.99,-259.76,-320.74,-313.03,-229.37,-128.74,-109.08,-55.749,-143.39,-152.49,-189.16,-163.78,-150.16,-117.79,-150.58
-294.31,-237.67,-301.36,-264.63,-386.3,-339.38,-213.51,-387.91,-285.72,-235.63,-396.58,-347.54,-281.82,-301.27,-332.88,-269.24,-308.08,-256.74,-292.16,-289.69,-292.41,-280.06,-100.92,-288.41,-242.72,-99.931,-241.67,-264.67,-203.09,-242.15,-162.53,-184.61,-150.37,-203.53,-355.02,-419.97,-320.7,-321.41,-299.16,-271.99,-305.21,-284.64,-217.72,-236.1,-190.91,-150.07,-265.76,-385.45,-356.24,-328.04,-231.42,-197.17,-228.34,-230.8,-250.38,-54.195,-146.69,-103.81,-170.63,-187.79,-157.35,-240.24,-303.63,-244.58,-360.81,-344.55,-329.17,-388.43,-199.32,-225.63,-177.06,-218.19,-232.05,-156.29,-180.87,-196.01,-255.41,-120.48,-68.175,-0,-70.256,-389.97,-391.47,-362.44,-257.82,-333.61,-289.39,-350.75,-342.62,-251.26,-116.55,-66.832,-43.031,-84.166,-94.633,-139.29,-124.39,-214.04,-179.79,-211.1
-328.81,-271.14,-334.67,-297.71,-418.93,-369.16,-245.94,-417.36,-314.54,-263.25,-412.77,-371.32,-306.98,-323.73,-344.95,-323.68,-354.67,-296.88,-317.13,-249.01,-278.79,-220.27,-106.83,-244.2,-184.84,-92.548,-197.48,-241.53,-155.41,-213.63,-109.23,-171.1,-126.8,-173.15,-388.56,-436.38,-271.39,-291.87,-267.13,-283.39,-289.13,-282.72,-220.93,-222.35,-129.22,-87.847,-216.28,-416.9,-377.88,-314.46,-171.14,-256.21,-286.36,-274.78,-275.02,-67.799,-151.11,-65.021,-231.88,-247.7,-202.83,-298.83,-352.68,-294.67,-336.54,-318.49,-325.9,-429.22,-258.38,-263.84,-197.88,-212.18,-193.48,-149.18,-144.26,-141.62,-277.18,-144.22,-106.59,-70.256,-0,-393.43,-381.9,-353.15,-316.68,-389.36,-348.19,-406.99,-393.29,-260.08,-178.05,-126.81,-104.97,-120.74,-76.483,-96.267,-67.827,-238.17,-200.23,-225.96
-221.27,-248.31,-191.01,-247.24,-101.99,-184.79,-248.82,-125.48,-213.92,-217.46,-67.989,-119.18,-171.98,-130.55,-74.544,-222.01,-181.39,-262.84,-226.04,-302.05,-265.77,-282.27,-302.49,-219.79,-292.82,-315.27,-254.29,-181.06,-290.16,-211.97,-328.07,-234.92,-280.92,-248.74,-147.77,-66.719,-228.19,-159.58,-182.33,-127.35,-130.1,-121.04,-184.68,-185.91,-347.44,-376.49,-351.97,-98.956,-136.09,-205.26,-344.9,-283.59,-264.27,-342.61,-313.15,-348.23,-257.52,-344.7,-390.14,-349.79,-464.03,-304.82,-251.95,-288.65,-154.68,-133.79,-81.921,-149.15,-336.95,-409.83,-476.28,-435.98,-399.21,-484.68,-440.27,-392.67,-157.66,-276.96,-330.11,-389.97,-393.43,-0,-86.078,-68.815,-257.39,-213.17,-196.14,-155.08,-138.88,-375.74,-403.32,-422.11,-383.51,-461.92,-456.59,-441.3,-410.68,-211.13,-222.4,-188.1
-230.86,-275.47,-230.95,-292.09,-143.79,-249.98,-295.97,-191.75,-284.36,-269.99,-140.74,-193.98,-234.13,-190.91,-134.37,-150.78,-111.24,-186.81,-149.54,-227.54,-189.82,-217.32,-308.09,-167.39,-236.37,-310.71,-209.45,-153.55,-250.15,-177.61,-295.58,-228.79,-265.8,-218.21,-162.88,-87.587,-159.03,-107.45,-134.93,-161.08,-110.7,-132.93,-195.55,-178.79,-296.46,-334.96,-278.92,-58.435,-63.045,-129.2,-280.79,-218.55,-195.12,-268.02,-237.82,-353.18,-263.43,-328.78,-327.49,-285.43,-402.84,-257.58,-232.7,-284.41,-80.618,-77.342,-92.791,-131.82,-270.81,-344.93,-408.75,-361.44,-326.06,-414.36,-370.06,-329.47,-202.53,-300.78,-344.91,-391.47,-381.9,-86.078,-0,-57.825,-205.7,-174.09,-143.05,-112.78,-85.77,-301.6,-347.48,-376.36,-370.26,-427.12,-428.84,-387.41,-371.35,-257.5,-251.61,-212.3
-261.72,-287.06,-245.22,-289.19,-155.55,-241.47,-257.56,-184.75,-250.77,-226,-126.3,-161.45,-192.13,-148.68,-94.175,-190.93,-153.01,-219.59,-181.64,-248.63,-215.11,-222.5,-270.48,-158.97,-232.61,-277.7,-194.76,-126.17,-232.61,-155.05,-275.42,-194.74,-236.51,-194.66,-188.88,-105.51,-169.39,-98.065,-121.65,-115.85,-76.482,-89.416,-153.88,-142.54,-288.37,-322.02,-297.26,-99.886,-105.47,-153.93,-285.26,-260.18,-234.18,-300.63,-269.35,-317.64,-224.69,-300.52,-368.96,-326.84,-443.58,-302.43,-274.05,-316.79,-100.03,-72.251,-48.946,-169.64,-310.28,-385.5,-444.16,-391.72,-345.58,-433.42,-383.74,-333.58,-157.96,-258.23,-307.77,-362.44,-353.15,-68.815,-57.825,-0,-251.52,-218.25,-188.93,-156.85,-131.3,-334.13,-386.57,-402.69,-360.7,-436.69,-413.47,-385.52,-358.33,-212.99,-207.51,-168.21
-157.82,-177.07,-240.45,-237.65,-251.87,-312.17,-201.8,-312.46,-278.1,-237.09,-293.15,-341.09,-290.85,-319.75,-316.29,-121.04,-136.71,-149.24,-168.77,-198.36,-188.29,-249.43,-277.23,-279.99,-292.08,-297.21,-316.48,-321.27,-341.02,-333.25,-364.52,-347.01,-343.54,-361.16,-195.52,-220.13,-234.71,-262.24,-278.77,-330.05,-295.09,-324.86,-332.52,-351.37,-327.57,-360.56,-227.33,-166.84,-169.07,-196.88,-278.78,-81.592,-101.53,-149.87,-153.27,-266.08,-303.05,-325.81,-175.49,-134.78,-251.16,-67.229,-102.83,-119.31,-211.96,-245.52,-286.43,-159.57,-125.29,-195.3,-264.3,-239.95,-246.89,-304.51,-298.41,-303.76,-293.49,-246.45,-227.86,-257.82,-316.68,-257.39,-205.7,-251.52,-0,-86.84,-72.681,-119.35,-127.27,-182.01,-194.93,-223.73,-220.51,-276.24,-334,-343.74,-363.53,-236.96,-261.05,-300.3
-108.81,-164.74,-186.55,-227.56,-178.03,-263.95,-212.71,-242.61,-282.16,-249.07,-234.89,-299.44,-302.46,-317.17,-276.7,-154.64,-144.56,-211.32,-203.85,-269.05,-246.18,-304.71,-330.24,-292.01,-340.49,-353.97,-337.39,-307.89,-374.33,-326.26,-413.07,-362.8,-384.55,-365.31,-120.42,-164.19,-257.58,-250.55,-274.5,-316.52,-271.15,-294.9,-339.66,-338.49,-391.32,-426.53,-301.65,-127.62,-149.72,-212.7,-348.7,-155.37,-163.74,-225.75,-228.02,-336.44,-332.87,-389.48,-251.89,-211.19,-327.55,-116.44,-74.801,-140.83,-201.14,-226.47,-252.9,-86.411,-201.47,-271.72,-340.62,-316.13,-322.44,-380.71,-374.1,-377.42,-305.39,-282.82,-297.99,-333.61,-389.36,-213.17,-174.09,-218.25,-86.84,-0,-81.445,-70.062,-102.46,-258.06,-271.3,-300.09,-296.73,-352.6,-409.97,-418.87,-435.58,-251.12,-280.3,-317.01
-180.39,-218.33,-250.32,-276.01,-208.24,-314.99,-243.85,-273,-317.95,-279,-234.91,-300.17,-325.44,-311.56,-257.75,-80.229,-76.45,-140.25,-130,-203.02,-173.59,-235.1,-309.22,-229.08,-272.64,-329.1,-273.11,-260.14,-308.21,-274.49,-352.85,-336.64,-353.37,-311.62,-172.89,-161.83,-189.69,-200.12,-219.63,-292.95,-231.95,-263.18,-321.18,-295.76,-324.02,-363.21,-243.41,-105.42,-104.43,-144.57,-283.05,-100.84,-96.408,-175.27,-171.75,-297.89,-335.17,-356.48,-206.44,-164.98,-281.92,-127.49,-137.65,-170.95,-148.72,-181.99,-223.84,-119.42,-153.31,-225.27,-293.99,-267.89,-269.29,-332.25,-321.47,-317.92,-317.35,-280.18,-259.76,-289.39,-348.19,-196.14,-143.05,-188.93,-72.681,-81.445,-0,-66.656,-64.142,-208.63,-226.22,-255.14,-252.07,-307.61,-365.06,-365.04,-382.65,-277.3,-298.73,-324.12
-146.47,-205.22,-197.68,-252.24,-150.22,-260.69,-256.32,-218.51,-304.65,-293.12,-187.79,-254.89,-311.56,-274.4,-218.78,-128.9,-101.76,-190.69,-165.21,-248.67,-211.85,-262.02,-365.23,-236.64,-292.51,-381.82,-282.66,-247.27,-321.34,-266.54,-368.01,-326.23,-357.75,-306.85,-115.64,-112.5,-206.98,-190.92,-215.85,-259.32,-209.67,-233.56,-297.25,-278.43,-350.76,-391.89,-296,-65.998,-90.643,-163.63,-320.25,-162.41,-155.6,-236.95,-230.54,-358.93,-356.61,-401.67,-267.86,-226.5,-343.35,-167.24,-129.7,-195.37,-142.41,-165.8,-191.66,-60.653,-214.94,-286.8,-355.54,-329.48,-328.32,-393.71,-380.05,-363.82,-296.9,-324.97,-320.74,-350.75,-406.99,-155.08,-112.78,-156.85,-119.35,-70.062,-66.656,-0,-45.855,-270.24,-287.61,-316.5,-313.43,-368.98,-426.02,-417.62,-423.13,-295.51,-321.02,-311.67
-184.49,-241.56,-226.66,-284.04,-158.76,-273.72,-287.03,-220.23,-320.33,-318.71,-178.89,-243.78,-297.78,-256.66,-200.36,-100.01,-64.294,-157.36,-126.42,-211.28,-173.1,-222.39,-356.94,-198.05,-253.1,-364.24,-244.06,-212.9,-282.43,-230.98,-329.28,-292.41,-322.29,-271.02,-144.22,-106.93,-167.34,-155.14,-178.96,-235.72,-178.33,-206.48,-268.48,-246.21,-311.58,-352.66,-262.57,-48.915,-53.404,-123.52,-281.02,-151.46,-137.8,-224.37,-205.65,-350.98,-332.33,-375.37,-259.49,-217.77,-334.92,-180.75,-165.14,-220.08,-105.07,-131.49,-166.45,-90.925,-205.17,-277.93,-346.53,-318.41,-304.28,-380.63,-353.77,-326.53,-275.99,-332.03,-313.03,-342.62,-393.29,-138.88,-85.77,-131.3,-127.27,-102.46,-64.142,-45.855,-0,-257.98,-279.38,-308.31,-305.29,-360.78,-413.88,-385.04,-385.21,-313.82,-321.94,-286.81
-250.91,-226.94,-303.07,-282.06,-373.71,-363.95,-243.51,-400.45,-319.86,-277.06,-416.11,-396.73,-329.53,-358.41,-395.37,-174.8,-210.49,-121.87,-157.27,-118.31,-140.23,-170.96,-279.07,-237.36,-207.28,-295.77,-246.58,-310.11,-256.01,-297.88,-264.34,-331.78,-314.9,-291.25,-324.68,-353.95,-196.73,-271.39,-260.44,-365.9,-319.25,-363.58,-353.13,-342.95,-212.97,-225.17,-98.434,-295.37,-249.54,-192.88,-160.34,-111.51,-134.88,-45.494,-79.452,-265.61,-308.82,-288.92,-153.09,-93.484,-160.26,-169,-235.86,-179.55,-243.56,-278.85,-355.13,-319.24,-63.019,-92.057,-123.47,-72.975,-86.283,-136.56,-131.21,-156.92,-328.13,-253.36,-229.37,-251.26,-260.08,-375.74,-301.6,-334.13,-182.01,-258.06,-208.63,-270.24,-257.98,-0,-187.8,-218.59,-219.1,-209.04,-205.06,-179.06,-213.05,-271.65,-287.57,-327.64
-256.11,-224.88,-295.5,-261.37,-374.57,-337.64,-211,-384.84,-285.12,-236.27,-408.07,-353.82,-285.74,-312.79,-360.3,-205.91,-244.77,-193.2,-228.67,-236.69,-229.74,-289.31,-182.77,-332.71,-324.65,-194.59,-336.6,-343.77,-304.7,-331.59,-268.63,-265.31,-244.61,-297.26,-329.02,-378.94,-287.13,-348.94,-347.45,-313.55,-370.71,-340.94,-277.78,-307.72,-296.33,-255.79,-253.83,-322.33,-293.09,-266.79,-302.87,-133.79,-164.94,-165.71,-186.58,-152.32,-218.98,-209.64,-70.448,-116.57,-87.21,-177.98,-243.65,-185.74,-309.4,-347.42,-378.87,-334.34,-134.24,-137.78,-135.35,-194.28,-245.2,-176.58,-233.2,-277.61,-278.41,-168.31,-128.74,-116.55,-178.05,-403.32,-347.48,-386.57,-194.93,-271.3,-226.22,-287.61,-279.38,-187.8,-0,-60.963,-90.658,-101.36,-168.96,-220.28,-224.56,-222.65,-223.35,-261.11
-283.92,-247.03,-314.39,-278.48,-396.46,-354.64,-227.86,-402.88,-301.82,-252.76,-424.21,-369.81,-301.96,-328.09,-370.67,-234.88,-273.73,-222.27,-257.71,-265.83,-258.84,-310.44,-155.77,-339.95,-300.41,-158.45,-301.95,-320.81,-263.58,-300.55,-223.12,-240.54,-209.21,-262.45,-355.27,-406.94,-316.05,-364.64,-352.13,-315.89,-358.45,-333.9,-267.28,-290.03,-246.67,-205.27,-274.03,-351.28,-322.06,-295.83,-278.38,-162.77,-193.94,-195.39,-215.82,-112.02,-199.3,-164.55,-118.51,-151.11,-103.33,-206.56,-272.14,-214.04,-338.4,-372.59,-377.36,-363.07,-163.89,-176.29,-138.61,-196.94,-240.73,-150.68,-199.22,-235.42,-290.62,-163.88,-109.08,-66.832,-126.81,-422.11,-376.36,-402.69,-223.73,-300.09,-255.14,-316.5,-308.31,-218.59,-60.963,-0,-55.724,-63.796,-121.11,-173.36,-173.49,-238.22,-223.21,-256.8
-268.94,-214.76,-278.6,-242.03,-363.57,-317.84,-191.14,-366.51,-264.71,-215.4,-383.98,-331.19,-264.07,-287.93,-324.86,-231.92,-270.76,-219.42,-254.84,-263.16,-256.02,-300.45,-105.86,-304.72,-269.94,-113.64,-259.55,-272.58,-223.59,-254.71,-187.79,-191.65,-164.41,-217.53,-331.51,-393.93,-311.99,-330.2,-310.99,-265.7,-307.77,-282.12,-215.14,-239.64,-223.57,-184.13,-278.84,-348.26,-319.08,-292.95,-267.13,-159.85,-191.01,-193.36,-213.33,-69.097,-148.13,-127.54,-138.42,-150.33,-151.92,-202.97,-268.03,-209.05,-335.38,-349.51,-326.5,-356.81,-161.88,-203.43,-185.98,-236.26,-261.77,-182.07,-214.96,-232.37,-245.81,-111.92,-55.749,-43.031,-104.97,-383.51,-370.26,-360.7,-220.51,-296.73,-252.07,-313.43,-305.29,-219.1,-90.658,-55.724,-0,-98.244,-128.3,-175.47,-160.83,-199.15,-172.13,-204.93
-335.67,-297.23,-364.43,-328.4,-446.67,-404.21,-277.67,-452.48,-351.19,-301.87,-468.6,-416.79,-350.04,-372.99,-408.94,-287.28,-326.06,-272.6,-307.76,-282.09,-301.7,-298.01,-178.91,-346.06,-279.81,-176.79,-304.02,-340.62,-264.27,-316.44,-219.46,-261.82,-225.65,-277.34,-406.01,-458.49,-346.95,-389.3,-368.32,-349.51,-382.08,-362.57,-295.99,-313.41,-223,-183.34,-236.18,-403.71,-374.17,-343.23,-239.07,-215.21,-246.29,-231.02,-253.4,-131.18,-224.94,-171.36,-149.39,-193.53,-92.496,-259.12,-324.71,-266.63,-387.12,-408.27,-406.81,-415.36,-211.44,-164.71,-102,-150.15,-189.8,-98.493,-148.84,-193.3,-330.61,-197.63,-143.39,-84.166,-120.74,-461.92,-427.12,-436.69,-276.24,-352.6,-307.61,-368.98,-360.78,-209.04,-101.36,-63.796,-98.244,-0,-83,-131.64,-145.53,-284.51,-257.15,-288.95
-375.68,-321.38,-385.17,-348.35,-469.83,-421.64,-296.96,-470.21,-367.56,-316.92,-473.51,-427.07,-361.81,-380.12,-406.99,-337.13,-369.22,-289.01,-314.91,-233.78,-271,-230.56,-168.22,-280.08,-208.13,-157.05,-239.16,-302.43,-201.32,-271.99,-157.04,-235.87,-190.44,-232.98,-437.83,-487.29,-289.42,-340.01,-313.89,-345.72,-350.61,-347.39,-285.45,-286.2,-150.64,-112.43,-187.08,-445.56,-398.33,-323.65,-170.69,-272.2,-300.11,-235.49,-248.1,-121.9,-214.17,-126.79,-217.37,-246.19,-153.93,-316.85,-380.69,-322.14,-365.28,-367.98,-389.55,-465.65,-251.08,-204.13,-134.37,-148.69,-149.66,-83.582,-97.37,-125.86,-333.66,-199.28,-152.49,-94.633,-76.483,-456.59,-428.84,-413.47,-334,-409.97,-365.06,-426.02,-413.88,-205.06,-168.96,-121.11,-128.3,-83,-0,-63.926,-73.934,-293.43,-257.05,-286.01
-402.3,-354.17,-418.76,-382.12,-491.65,-453.69,-330.42,-499.12,-399.07,-347.88,-479.87,-452.72,-391.73,-405.64,-412.31,-304.85,-329.29,-242.45,-265.87,-183.56,-220.73,-180.52,-189.94,-237.23,-163.37,-170.45,-199.38,-278.37,-168.66,-244.31,-129.64,-229.03,-184.15,-211.08,-464.65,-457.79,-240.71,-300.04,-274.02,-353.54,-326.11,-339.44,-287.36,-274.46,-110.5,-78.078,-138.47,-405.17,-352.14,-273.94,-118.64,-270.09,-281.29,-203.36,-205.67,-151.81,-230.28,-129.77,-257.72,-253.32,-187.5,-331.52,-397.66,-340.78,-318.32,-327.63,-373.9,-462.06,-231.17,-212.55,-150.7,-137.58,-109.55,-86.914,-59.531,-72.949,-360.51,-229.02,-189.16,-139.29,-96.267,-441.3,-387.41,-385.52,-343.74,-418.87,-365.04,-417.62,-385.04,-179.06,-220.28,-173.36,-175.47,-131.64,-63.926,-0,-47.95,-322.95,-284.71,-306.16
-384.12,-326.59,-390.11,-353.07,-468.61,-423.24,-301.06,-468.67,-368.28,-316.75,-445.11,-420.1,-360.02,-372.61,-375.89,-317.34,-332.78,-256.89,-271.35,-194.18,-226.25,-171.77,-154.59,-215.38,-143.54,-132.74,-173.94,-246.41,-137.13,-213.07,-94.593,-190.56,-144.89,-175.97,-442.49,-443.53,-230.05,-278.11,-250.72,-315.99,-295.37,-302.34,-249.05,-237.15,-84.538,-46.065,-158.11,-398.9,-346.93,-270.09,-116.19,-293.26,-301.31,-234.82,-228.86,-122.91,-192.54,-90.719,-274.47,-282.15,-215.63,-348.74,-405.76,-348.08,-305.51,-306.93,-340.9,-458.8,-264.12,-249.28,-184.82,-175.47,-139.48,-122.59,-94.481,-81.877,-327.79,-197.64,-163.78,-124.39,-67.827,-410.68,-371.35,-358.33,-363.53,-435.58,-382.65,-423.13,-385.21,-213.05,-224.56,-173.49,-160.83,-145.53,-73.934,-47.95,-0,-291.16,-251.86,-270.11
-158.6,-100.35,-158.11,-108.85,-238.17,-153.25,-58.565,-200.66,-95.733,-43.831,-197.76,-141.77,-75.174,-96.626,-144.93,-262.24,-299.68,-253.03,-287.67,-298.3,-289.95,-331.93,-145.91,-283.54,-309.13,-172.16,-266.41,-210.06,-261.72,-221.31,-256.95,-171.56,-198.95,-219.8,-217.02,-259.37,-314.29,-251.31,-254.16,-110.95,-200.63,-154.77,-132.21,-173.25,-308.18,-287.75,-323.52,-291.33,-305.94,-314.32,-354.79,-191.01,-222.23,-241.93,-250.17,-178.06,-138.07,-214.67,-234.8,-213.64,-301.57,-194.47,-192.01,-136.27,-287.94,-249.61,-179.03,-262.14,-213.97,-274.96,-338.04,-327.2,-340.08,-358.93,-368.06,-356.28,-63.545,-96.32,-150.16,-214.04,-238.17,-211.13,-257.5,-212.99,-236.96,-251.12,-277.3,-295.51,-313.82,-271.65,-222.65,-238.22,-199.15,-284.51,-293.43,-322.95,-291.16,-0,-69.891,-97.011
-188.43,-130.47,-192.86,-152.1,-270.27,-210.8,-98.072,-250.95,-154.37,-102.06,-228.8,-188.7,-132.31,-135.84,-162.89,-282.16,-313.35,-271.68,-303.12,-312.28,-304.17,-284.8,-104.28,-232.85,-251.52,-129.6,-209.36,-162.53,-203.77,-167.43,-207.43,-112.86,-144.84,-161.41,-247.69,-276.88,-272.64,-216.57,-209.43,-103.8,-171.32,-132.69,-83.838,-123.86,-258.17,-244.55,-333.39,-293.83,-294.54,-294.76,-303.61,-210.48,-241.75,-258.67,-268.32,-141,-84.712,-173.27,-241.52,-227.29,-301.92,-222.3,-221.38,-164.92,-261.32,-224.4,-171.45,-291.72,-229.95,-288.06,-338.3,-340.99,-349.03,-327.55,-333.87,-314.33,-87.427,-64.731,-117.79,-179.79,-200.23,-222.4,-251.61,-207.51,-261.05,-280.3,-298.73,-321.02,-321.94,-287.57,-223.35,-223.21,-172.13,-257.15,-257.05,-284.71,-251.86,-69.891,-0,-56.179
-226.75,-168.78,-230.92,-189.18,-268.81,-238.3,-135.73,-245.69,-182.47,-131.84,-203.18,-177.73,-139.86,-123.67,-133.18,-309.55,-293.6,-305.4,-291.36,-308.4,-294.23,-258.49,-126.71,-198.53,-227.08,-147.01,-181.76,-125.15,-184.83,-134.79,-198.5,-93.443,-136.84,-137.41,-280.91,-244.43,-236.1,-176.52,-172.08,-69.001,-129.71,-91.476,-47.902,-87.522,-246.05,-247.58,-336.33,-255.68,-254.47,-257.19,-284.17,-250.02,-281.15,-298.74,-306.33,-170.12,-87.249,-189.28,-280.78,-267.63,-339.27,-260.85,-259.73,-203.32,-220.94,-183.39,-132.24,-307.83,-270.12,-328.31,-374.26,-379.79,-365.82,-357.14,-353.92,-311.24,-80.661,-99.555,-150.58,-211.1,-225.96,-188.1,-212.3,-168.21,-300.3,-317.01,-324.12,-311.67,-286.81,-327.64,-261.11,-256.8,-204.93,-288.95,-286.01,-306.16,-270.11,-97.011,-56.179,-0
