0,1.6496,0.66336,0.0077485,0.31433,-0.34783,-0.40313,0.075482,-1.2882,-1.1047,0.36935,-0.74829,-0.95286,-0.98596,-0.0059983,-1.4114,-0.85969,0.13115,-0.48996,-0.37691,0.9127,-1.6613,0.95164,-1.5614,-1.8125,-0.34013,-1.7828,-1.5685,-1.663,-1.8388,-1.6321,-1.6378,-1.629,-1.7299,1.7398,0.82869,-0.26059,-0.11044,-0.69374,-1.2265,-1.0689,-1.3938,-0.56807,-1.4893,-1.4497,0.0069949,-0.10131,1.4509,0.45398,0.70002,-1.2849,1.0621,0.62611,1.2835,0.83387,1.3354,0.48151,-0.99886,1.4622,1.0698,1.0962,1.7252,2.0672,1.5795,0.11682,0.12428,0.11388,1.6942,1.1106,1.4212,0.87685,1.0838,0.56806,1.1016,0.55435,-0.59297,-0.89658,1.3256,1.3033,1.582,0.30189,0.93146,1.5153,-0.082766,1.1439,1.8561,-0.3937,1.7483,1.2398,0.47759,1.5707,1.3072,1.4097,1.3259,0.83786,0.808,0.41049,0.70051,1.9949,0.88302
1.6496,0,0.73367,0.12691,0.38373,-0.21482,-0.1894,0.17845,-1.0532,-0.86888,0.50519,-0.59444,-0.74811,-0.88642,0.043413,-1.2286,-0.73972,0.12986,-0.43017,-0.42501,0.76305,-1.3819,0.83605,-1.3312,-1.5751,-0.454,-1.3936,-1.4723,-1.5568,-1.5282,-1.5204,-1.4364,-1.509,-1.3629,1.681,0.87703,-0.22967,-0.053518,-0.55986,-1.1477,-1.0336,-1.3548,-0.49,-1.3543,-1.1983,-0.083942,-0.15894,1.2279,0.45327,0.59485,-1.2322,0.82053,0.43352,1.0863,0.61227,1.1541,0.45205,-1.0342,1.4667,1.0319,0.9729,1.3154,1.7121,1.3096,0.045394,-0.011457,0.10166,1.5385,0.85158,1.3196,0.84973,1.0356,0.41654,1.0526,0.51182,-0.691,-0.76985,1.2933,1.3199,1.3439,0.18486,0.79958,1.2536,-0.1476,0.91382,1.6643,-0.4235,1.4259,1.2241,0.3011,1.3732,1.2291,1.2945,1.1804,0.78648,0.64095,0.33034,0.55563,1.7027,0.74207
0.66336,0.73367,0,1.1965,1.4689,0.71048,-0.086512,1.4013,-0.21203,-0.091503,1.266,0.27276,0.14746,-0.057209,0.057448,-0.85404,-0.8571,-0.14805,-0.27859,-0.93546,0.043446,-0.56376,0.47216,-0.60732,-0.74756,-0.49356,-0.4954,-0.97583,-0.95165,-0.67549,-1.0093,-0.57949,-0.90551,-0.46223,1.1682,1.0177,-0.039419,-0.31753,-0.11936,-1.1526,-0.55373,-1.2796,-0.80797,-1.0117,-0.51215,-0.67432,-0.58993,0.73,-0.036541,0.27551,-1.1231,0.34652,-0.23548,0.73918,-0.22781,0.26856,-0.096789,-1.7085,1.1509,0.56819,0.71731,0.45104,0.58256,0.60716,-0.12914,-0.21013,-0.18133,0.69273,0.58523,1.0373,1.305,1.1849,0.28474,1.0495,0.2671,-1.1196,-0.49304,1.3271,1.2242,0.59412,-0.78545,0.36981,0.78451,-0.19811,-0.043659,0.5182,-1.4263,0.52564,0.51727,-0.46019,0.94092,1.1259,0.84238,0.78455,0.10412,0.24388,-0.11305,-0.092844,0.8212,0.39476
0.0077485,0.12691,1.1965,0,1.2472,1.4436,0.25344,1.7161,0.46118,0.60198,0.86791,0.89228,0.83912,0.35484,-0.05252,-0.14895,-0.24774,-0.33535,-0.037524,-0.52969,-0.40862,0.13945,-0.046747,0.10143,-0.020824,-0.14544,0.20908,-0.17243,-0.18262,0.038984,-0.20761,0.07071,-0.14487,0.2366,0.36235,0.39106,-0.013893,-0.34509,0.0066482,-0.32857,-0.068514,-0.40344,-0.3922,-0.15631,0.13544,-0.664,-0.37165,0.029568,-0.16753,-0.11196,-0.26658,-0.31049,-0.78442,0.01512,-0.84191,-0.40031,-0.5137,-0.71876,0.31651,0.077767,0.04592,-0.20688,-0.089134,-0.027077,-0.059685,-0.40264,-0.26145,0.078257,-0.12937,0.26649,0.60595,0.41693,-0.035523,0.29941,0.011274,-0.6119,-0.046445,0.47089,0.34023,-0.1148,-1.1124,-0.080218,0.039564,-0.19316,-0.57842,-0.13405,-1.1209,-0.1851,-0.26511,-0.6219,0.16469,0.32404,0.085365,0.020719,-0.26756,-0.22527,-0.39721,-0.40641,0.10485,-0.074899
0.31433,0.38373,1.4689,1.2472,0,1.0404,0.084193,1.5356,0.18992,0.31389,1.4243,0.72089,0.5365,0.27316,0.071137,-0.37795,-0.31226,-0.14609,-0.15993,-0.40046,-0.1357,-0.12201,0.13013,-0.13285,-0.2829,-0.1975,-0.085319,-0.47606,-0.44775,-0.2274,-0.44474,-0.15547,-0.40213,-0.05641,0.67854,0.72412,-0.00030545,-0.41079,-0.18347,-0.59974,-0.45051,-0.65654,-0.56694,-0.46634,-0.13433,-0.85471,-0.58728,0.3125,0.043238,0.002272,-0.56884,-0.12973,-0.67678,0.24477,-0.58815,-0.15166,-0.47086,-0.99841,0.59012,0.38345,0.29687,0.10433,0.23192,0.22432,-0.01198,-0.28796,-0.18593,0.3951,0.10364,0.51685,0.67956,0.60233,-0.0061241,0.46632,-0.080787,-0.78607,-0.21262,0.80119,0.60857,0.1532,-0.99551,0.24959,0.3838,-0.086525,-0.2845,0.18852,-0.96882,0.11604,0.060654,-0.30913,0.44228,0.55656,0.31506,0.28149,-0.33857,-0.18978,-0.5487,-0.083629,0.43095,0.17137
-0.34783,-0.21482,0.71048,1.4436,1.0404,0,0.22442,1.6359,0.93473,1.0451,0.80818,1.5127,1.412,0.75737,0.06339,0.20268,0.0070977,-0.46664,0.09457,-0.37687,-0.65423,0.49519,-0.24188,0.46849,0.33246,-0.030001,0.58776,0.15362,0.16127,0.39657,0.1284,0.44166,0.18728,0.61489,-0.024987,0.28289,0.0077154,-0.33212,0.14898,-0.046907,0.14568,-0.050564,-0.19273,0.11065,0.52632,-0.58816,-0.33131,-0.3063,-0.27936,-0.33952,0.025773,-0.60253,-1.0659,-0.2889,-1.3079,-0.86137,-0.63118,-0.37966,-0.022182,-0.10833,-0.25691,-0.57294,-0.45352,-0.40939,-0.032912,-0.38834,-0.22972,-0.31006,-0.41423,-0.079855,0.28263,0.089909,-0.23977,-0.012905,-0.3294,-0.43451,0.38777,0.12651,0.0063323,-0.46489,-1.153,-0.27537,-0.27271,-0.038807,-1.0972,-0.53783,-0.83595,-0.54038,-0.57626,-0.75148,-0.18781,-0.00029001,-0.26851,-0.30011,-0.50723,-0.56512,-0.55904,-0.5457,-0.25463,-0.3173
-0.40313,-0.1894,-0.086512,0.25344,0.084193,0.22442,0,0.085964,0.64788,0.64569,-0.0063504,0.43461,0.48811,0.36982,0.099697,0.70826,0.65513,0.19109,0.31048,0.12127,-0.3284,0.68378,-0.421,0.61815,0.688,0.15057,0.56817,0.43563,0.61902,0.57104,0.50488,0.53764,0.62401,0.65482,-0.36655,-0.10925,0.019527,-0.47041,-0.24545,0.48508,0.3729,0.43201,0.22341,0.49249,0.50706,-0.39913,0.2916,-0.37231,0.054332,-0.12199,0.50539,-0.64044,-0.32929,-0.60427,-0.35942,-0.56896,-0.38641,0.18488,-0.5039,-0.021107,-0.53586,-0.58498,-0.44948,-0.35007,0.13439,-0.35876,-0.31273,-0.22947,-0.58967,-0.50089,-0.43806,-0.48566,-0.33504,-0.49331,-0.34115,-0.028084,0.384,-0.51981,-0.60324,-0.6882,-0.30254,-0.20109,-0.63776,-0.12227,-0.32501,-0.38272,0.15475,-0.61975,-0.36526,-0.26315,-0.63045,-0.62369,-0.65614,-0.59408,-0.39845,-0.3689,-0.507,-0.040244,-0.44799,-0.3562
0.075482,0.17845,1.4013,1.7161,1.5356,1.6359,0.085964,0,0.37999,0.57448,1.2172,1.0209,0.81838,0.46864,0.08397,-0.21662,-0.35118,-0.38867,-0.066297,-0.54715,-0.43849,0.026651,0.0037777,0.0015257,-0.1235,-0.27753,0.094121,-0.26877,-0.28692,-0.061242,-0.24132,-0.01078,-0.25681,0.11982,0.42254,0.52066,0.048111,-0.27506,0.042294,-0.49093,-0.11459,-0.47679,-0.4582,-0.28451,0.035048,-0.73039,-0.42862,0.131,-0.21826,-0.1465,-0.42138,-0.19009,-0.78234,0.15771,-0.91147,-0.33022,-0.44095,-0.84192,0.45003,0.16421,0.12658,-0.13021,-0.0016576,0.0047622,-0.11209,-0.28983,-0.16411,0.093647,-0.008301,0.34852,0.70077,0.53778,-0.017626,0.43803,-0.03289,-0.68204,-0.008345,0.57666,0.48864,0.0025861,-1.1338,0.0086621,0.18471,-0.093065,-0.62586,-0.074749,-1.1437,-0.071895,-0.14049,-0.554,0.27919,0.44407,0.17675,0.167,-0.24991,-0.21784,-0.41212,-0.39144,0.1945,-0.041282
-1.2882,-1.0532,-0.21203,0.46118,0.18992,0.93473,0.64788,0.37999,0,2.1169,0.18336,1.6733,1.7145,1.5358,0.10321,1.213,0.88555,-0.35485,0.34279,0.23119,-1.1055,1.9862,-0.91447,1.6408,1.6736,0.31382,1.9333,1.1219,1.3168,1.7258,1.1486,1.6146,1.371,2.0771,-0.94751,-0.29772,0.24488,-0.27526,0.36926,0.85911,0.80496,0.93539,0.21392,1.1327,1.4373,-0.45288,-0.20907,-1.0978,-0.29374,-0.62528,0.92905,-1.5079,-1.2422,-1.4625,-1.4507,-1.9351,-0.8111,0.51294,-1.058,-0.6673,-1.1767,-1.6158,-1.3896,-1.1174,0.16172,-0.28917,-0.24957,-1.0396,-1.2595,-1.0923,-0.58781,-0.84819,-0.76946,-1.0068,-0.74006,0.040454,1.0502,-0.782,-0.9713,-1.9182,-0.91016,-0.52641,-1.23,0.22668,-1.4791,-1.4005,0.036791,-1.9252,-1.2594,-0.72725,-1.3148,-1.0167,-1.2435,-1.46,-1.1586,-1.1309,-0.85116,-0.72942,-1.2515,-0.71629
-1.1047,-0.86888,-0.091503,0.60198,0.31389,1.0451,0.64569,0.57448,2.1169,0,0.30362,1.6114,1.7808,1.3137,0.17989,1.1417,0.74874,-0.22119,0.23975,0.1642,-0.91665,1.65,-0.78564,1.3671,1.4471,0.30522,1.6454,1.0336,1.1606,1.431,1.0263,1.3086,1.1984,1.7925,-0.81385,-0.15538,0.21768,-0.22407,0.29837,0.82474,0.69787,0.86325,0.18916,1.0962,1.2851,-0.50519,-0.17877,-0.93223,-0.2134,-0.38475,0.81816,-1.2467,-1.0221,-1.2096,-1.2367,-1.6394,-0.74984,0.43386,-0.95048,-0.6451,-1.0107,-1.4417,-1.1837,-1.0358,0.12188,-0.21269,-0.19141,-0.87155,-1.1273,-1.0203,-0.4967,-0.75225,-0.71965,-0.87908,-0.66334,-0.079686,0.93397,-0.74902,-0.90446,-1.623,-0.88513,-0.35958,-1.1027,0.21791,-1.1953,-1.2057,-0.04757,-1.6305,-1.0821,-0.84952,-1.1587,-0.90241,-1.1164,-1.3213,-1.046,-1.013,-0.90374,-0.53327,-1.1278,-0.60371
0.36935,0.50519,1.266,0.86791,1.4243,0.80818,-0.0063504,1.2172,0.18336,0.30362,0,0.60626,0.4476,0.22684,0.29644,-0.40684,-0.34917,-0.2623,-0.37297,-0.48222,-0.127,-0.16188,0.13053,-0.18158,-0.3356,-0.39947,-0.12796,-0.53264,-0.52028,-0.26938,-0.51022,-0.26245,-0.43534,-0.092879,0.74168,0.89717,0.18539,-0.27182,-0.032052,-0.55517,-0.256,-0.7242,-0.54347,-0.57479,-0.18771,-0.56685,-0.50862,0.34635,0.094983,0.013254,-0.62282,-0.13132,-0.62302,0.22814,-0.50779,-0.16493,-0.31553,-0.9857,0.59713,0.48025,0.2265,0.15251,0.31646,0.27156,0.069885,-0.10843,0.035425,0.48999,0.058902,0.52921,0.64044,0.56639,-0.21335,0.44506,-0.081415,-0.82766,-0.10198,0.74813,0.56515,0.15601,-0.72848,0.51293,0.45693,0.12013,-0.19321,0.26591,-0.79733,0.16405,0.15829,-0.48602,0.41263,0.51012,0.30748,0.17034,-0.18421,-0.2262,-0.46282,0.063456,0.50251,0.23086
-0.74829,-0.59444,0.27276,0.89228,0.72089,1.5127,0.43461,1.0209,1.6733,1.6114,0.60626,0,1.6353,1.2268,0.29903,0.65779,0.43924,-0.37211,0.20846,-0.092105,-0.80007,1.1459,-0.53141,1.0571,0.8696,0.087622,1.1886,0.54948,0.62309,0.92738,0.55373,0.95013,0.65793,1.2223,-0.4125,0.083749,0.15261,-0.35631,0.33238,0.40672,0.4988,0.40062,-0.038082,0.54966,0.95983,-0.58503,-0.21937,-0.59595,-0.19597,-0.35492,0.40517,-1.055,-1.2693,-0.82821,-1.4612,-1.225,-0.7678,0.018362,-0.46153,-0.30884,-0.67572,-0.9913,-0.80264,-0.75263,0.14773,-0.28043,-0.069213,-0.61982,-0.84154,-0.52976,-0.1227,-0.34401,-0.54844,-0.47043,-0.50565,-0.24603,0.7143,-0.29309,-0.40218,-1.0603,-1.2076,-0.26742,-0.71061,0.19432,-1.2608,-0.9155,-0.39907,-1.1596,-0.88523,-0.84133,-0.63035,-0.45313,-0.64488,-0.80444,-0.89455,-0.90193,-0.82748,-0.60894,-0.66844,-0.54648
-0.95286,-0.74811,0.14746,0.83912,0.5365,1.412,0.48811,0.81838,1.7145,1.7808,0.4476,1.6353,0,1.031,0.28562,0.79704,0.51274,-0.3877,0.20758,-0.048692,-0.94354,1.251,-0.53345,1.0795,1.0172,0.18922,1.3611,0.75778,0.83074,1.2335,0.77514,1.1404,0.86934,1.49,-0.58736,-0.046327,0.36857,-0.11514,0.37385,0.53484,0.55095,0.54975,0.071105,0.74415,1.0601,-0.56652,-0.25549,-0.76093,-0.30026,-0.51072,0.55887,-1.0645,-1.1742,-0.91619,-1.3862,-1.5787,-0.72768,0.16901,-0.60122,-0.52831,-0.81195,-1.2813,-1.0587,-0.84738,0.11419,-0.24761,0.022102,-0.75686,-0.92273,-0.69003,-0.28106,-0.46253,-0.47331,-0.55631,-0.44967,-0.13195,0.74059,-0.42917,-0.5727,-1.2826,-1.0421,-0.37439,-0.8463,0.11871,-1.414,-1.0992,-0.40209,-1.3422,-1.0357,-0.80279,-0.8346,-0.56181,-0.82578,-0.93997,-0.89275,-0.90173,-0.77367,-0.54843,-0.88542,-0.37138
-0.98596,-0.88642,-0.057209,0.35484,0.27316,0.75737,0.36982,0.46864,1.5358,1.3137,0.22684,1.2268,1.031,0,0.24802,1.0348,0.62734,-0.28769,0.20479,0.20118,-0.75598,1.5484,-0.71246,1.3625,1.4522,0.3022,1.6076,0.96123,1.2382,1.6059,1.0128,1.527,1.3429,1.4824,-0.76293,-0.37031,-0.048029,-0.28163,0.21258,0.92903,0.68237,0.8695,0.26787,1.0955,1.2062,-0.32793,-0.23536,-0.86597,-0.26893,-0.47495,0.81801,-1.1025,-0.82751,-1.2665,-0.87876,-1.2996,-0.45616,0.34646,-0.96206,-0.49115,-0.9258,-1.1387,-1.0474,-0.94475,-0.010099,-0.18087,-0.1184,-0.81638,-1.0345,-0.95041,-0.356,-0.68565,-0.84121,-0.85746,-0.77526,-0.011053,0.96984,-0.69041,-0.77973,-1.5684,-0.78042,-0.31295,-0.93536,0.23681,-1.0048,-1.0827,0.0021068,-1.5916,-1.0937,-0.56545,-1.1947,-0.8712,-1.0964,-1.2448,-0.93772,-0.96571,-0.69227,-0.68372,-0.97529,-0.4505
-0.0059983,0.043413,0.057448,-0.05252,0.071137,0.06339,0.099697,0.08397,0.10321,0.17989,0.29644,0.29903,0.28562,0.24802,0,-0.068207,0.040802,-0.048748,0.0044618,-0.29387,-0.0017993,-0.04919,0.22462,0.019499,0.031877,-0.27457,0.016005,-0.05625,-0.03783,0.020758,-0.0097392,-0.016623,-0.017434,0.0098495,0.06373,0.38357,0.30873,0.37936,0.4197,0.25525,0.1284,0.11374,0.26052,0.12537,0.16091,-0.099423,-0.24942,0.11162,0.19533,0.052338,-0.014103,-0.052888,-0.22659,-0.081324,-0.082532,-0.17687,0.26139,-0.11101,-0.079874,-0.14539,-0.22585,-0.072586,0.011767,-0.024912,0.43733,0.29254,0.87085,0.041062,-0.21655,-0.034375,-0.14273,-0.11664,-0.21953,-0.08989,-0.1582,-0.20643,0.35714,-0.15409,-0.1388,-0.13818,-0.10756,0.41901,0.16876,0.41414,-0.14695,-0.017687,-0.099383,0.01092,0.12813,-0.43615,-0.093677,-0.11645,-0.15043,-0.0037307,0.13166,0.017099,-0.12465,0.035144,0.064279,0.27928
-1.4114,-1.2286,-0.85404,-0.14895,-0.37795,0.20268,0.70826,-0.21662,1.213,1.1417,-0.40684,0.65779,0.79704,1.0348,-0.068207,0,1.3705,0.13555,0.59673,0.8857,-0.88092,1.9534,-1.1963,1.9598,2.063,0.59146,1.7056,1.8584,2.1795,1.9206,1.8374,1.8002,2.2085,1.6924,-1.5241,-0.83651,0.17177,-0.16139,0.29436,1.6772,0.89954,1.7541,0.62241,1.852,1.6116,-0.18225,0.21039,-1.344,-0.079162,-0.65194,1.8532,-1.3071,-0.6253,-1.823,-0.66555,-1.274,-0.72787,1.3205,-1.8424,-0.92976,-1.5548,-1.3601,-1.3853,-1.2582,0.12372,-0.16715,-0.40383,-1.1206,-1.4454,-2.0278,-1.4927,-1.7313,-0.94551,-1.7476,-1.0604,0.391,1.0667,-1.6094,-1.9338,-1.8328,-0.27336,-0.75695,-1.6409,0.29878,-0.7841,-1.2173,0.75439,-1.6113,-1.1717,-0.33603,-2.0037,-2.028,-1.9149,-1.9129,-1.2446,-1.1099,-0.88014,-0.54705,-1.6166,-0.93563
-0.85969,-0.73972,-0.8571,-0.24774,-0.31226,0.0070977,0.65513,-0.35118,0.88555,0.74874,-0.34917,0.43924,0.51274,0.62734,0.040802,1.3705,0,0.14547,0.3561,0.87349,-0.55293,1.2045,-0.85629,1.2032,1.2117,0.57033,1.0559,1.0639,1.2749,1.1391,1.1152,1.0577,1.3207,1.0634,-0.94248,-0.50158,0.12883,-0.17977,0.029654,1.1793,0.44052,1.113,0.45822,1.0969,0.92104,-0.18926,0.090272,-0.75427,0.34268,-0.42647,1.2402,-1.1916,-0.54142,-1.4185,-0.41198,-0.84592,-0.55718,0.92619,-1.1837,-0.53511,-1.0003,-0.87614,-0.82916,-0.80912,0.4859,-0.14812,-0.17716,-0.63546,-1.1476,-1.19,-1.3552,-1.5099,-0.98348,-1.3676,-0.88226,0.29117,0.6675,-1.0785,-1.3374,-1.2069,-0.15073,-0.3548,-0.9959,0.39134,-0.41738,-0.71181,0.85996,-1.0389,-0.82083,0.038106,-1.3068,-1.4338,-1.3142,-1.2882,-0.90629,-0.98483,-0.83284,-0.25281,-0.9414,-0.66933
0.13115,0.12986,-0.14805,-0.33535,-0.14609,-0.46664,0.19109,-0.38867,-0.35485,-0.22119,-0.2623,-0.37211,-0.3877,-0.28769,-0.048748,0.13555,0.14547,0,0.58319,0.13595,0.49321,-0.036353,-0.039472,-0.071863,-0.082743,0.40952,-0.10402,0.0081298,0.004092,-0.04996,-0.012338,-0.096727,-0.010623,-0.18948,0.087025,0.061209,-0.29849,-0.15745,-0.22767,0.1394,-0.098492,0.12247,-0.049725,0.048649,-0.19083,-0.12429,0.15473,0.11899,0.25968,0.30263,0.017601,0.073873,0.31294,0.13055,0.4905,0.31965,0.066609,-0.0034863,-0.039997,0.27768,-0.049869,0.22922,0.20298,0.11727,-0.14584,-0.096015,0.035716,0.064621,0.12186,-0.11475,-0.24738,-0.11618,0.11583,-0.10891,-0.16175,-0.0086682,-0.17348,0.091618,-0.054926,0.090211,0.078869,0.083197,0.0046684,-0.095575,0.27118,0.18944,0.4435,0.1416,0.22976,0.11663,-0.042199,-0.10269,-0.028596,-0.036054,-0.086047,0.12079,0.13015,0.36525,0.096092,0.092056
-0.48996,-0.43017,-0.27859,-0.037524,-0.15993,0.09457,0.31048,-0.066297,0.34279,0.23975,-0.37297,0.20846,0.20758,0.20479,0.0044618,0.59673,0.3561,0.58319,0,0.23115,0.12082,0.44191,-0.4233,0.30878,0.47633,0.057436,0.43754,0.41328,0.44228,0.45675,0.41406,0.38552,0.46824,0.44051,-0.50789,-0.25878,0.15888,-0.1106,0.14356,0.41317,0.23403,0.48949,-0.11348,0.37882,0.32127,0.11588,0.0025479,-0.16778,-0.026826,0.12067,0.36738,-0.17319,-0.0078155,-0.26227,-0.11301,-0.31075,-0.13464,0.21505,-0.44772,-0.20473,-0.42058,-0.40072,-0.39528,-0.49032,-0.4409,-0.22787,0.088117,-0.4832,-0.25425,-0.46542,-0.28066,-0.26922,-0.085423,-0.26528,-0.26448,0.057102,0.46811,-0.36253,-0.4575,-0.38781,-0.2154,-0.29646,-0.43539,-0.034133,-0.3014,-0.46197,0.15593,-0.37551,-0.10685,-0.12912,-0.49225,-0.38068,-0.39431,-0.45194,-0.51583,-0.23793,-0.23437,0.013022,-0.5057,-0.34572
-0.37691,-0.42501,-0.93546,-0.52969,-0.40046,-0.37687,0.12127,-0.54715,0.23119,0.1642,-0.48222,-0.092105,-0.048692,0.20118,-0.29387,0.8857,0.87349,0.13595,0.23115,0,-0.031542,0.60099,-0.53149,0.60054,0.6346,0.25404,0.44171,0.58881,0.80785,0.59129,0.71242,0.53184,0.77642,0.43496,-0.63639,-0.53724,0.052338,-0.1096,-0.14201,0.75808,0.3112,0.80604,0.36123,0.57714,0.37127,0.14255,0.45081,-0.45428,0.28548,-0.16491,0.91066,-0.4132,0.051029,-0.67353,0.22909,-0.18667,-0.4611,0.91221,-0.88413,-0.16197,-0.57025,-0.31901,-0.3364,-0.30936,0.074877,0.036355,-0.26193,-0.25036,-0.49163,-0.88416,-1.0549,-1.1416,-0.24696,-0.96962,-0.51839,0.54682,0.48248,-0.87349,-1.0553,-0.53127,0.23983,-0.2667,-0.52986,0.082606,0.078348,-0.29788,1.075,-0.41058,-0.25268,0.40171,-0.83623,-1.0482,-0.83348,-0.85601,-0.44307,-0.33861,-0.16786,0.17643,-0.51388,-0.4016
0.9127,0.76305,0.043446,-0.40862,-0.1357,-0.65423,-0.3284,-0.43849,-1.1055,-0.91665,-0.127,-0.80007,-0.94354,-0.75598,-0.0017993,-0.88092,-0.55293,0.49321,0.12082,-0.031542,0,-1.1523,0.46324,-1.1208,-1.1785,-0.2439,-1.1309,-0.83404,-1.0704,-1.1992,-0.95522,-1.1324,-1.1353,-1.1925,0.76516,0.3044,-0.19996,0.158,-0.25916,-0.78372,-0.68125,-0.72402,-0.481,-0.89811,-1.1203,0.19177,0.093684,0.79875,0.43311,0.70688,-0.70813,1.0498,0.78913,0.94956,1.112,1.0486,0.30875,-0.53394,0.86193,0.6682,0.73452,1.0796,1.0165,0.79393,-0.0065607,0.37548,0.13152,0.73857,0.8794,0.89227,0.42303,0.77775,0.55154,0.79997,0.51095,-0.12591,-0.72184,0.65222,0.79692,1.1238,0.42813,0.46285,0.93311,-0.083224,0.9408,1.0544,-0.0060644,1.2301,1.1611,0.47301,0.91121,0.84246,0.96298,0.8794,0.62249,0.76522,0.47814,0.85158,0.9936,0.51483
-1.6613,-1.3819,-0.56376,0.13945,-0.12201,0.49519,0.68378,0.026651,1.9862,1.65,-0.16188,1.1459,1.251,1.5484,-0.04919,1.9534,1.2045,-0.036353,0.44191,0.60099,-1.1523,0,-1.1817,2.4257,2.4901,0.53313,2.5011,1.6932,2.0807,2.5541,1.7649,2.1915,2.0739,2.4079,-1.3772,-0.61364,0.28746,-0.097083,0.4175,1.3586,1.0622,1.4659,0.44189,1.7147,1.8458,-0.33427,0.0058391,-1.4382,-0.26868,-0.68398,1.4633,-1.641,-1.02,-1.8578,-1.0445,-1.8749,-0.84154,0.93875,-1.6471,-0.86553,-1.5261,-1.705,-1.6734,-1.3904,0.13862,-0.24036,-0.36841,-1.3249,-1.5307,-1.7657,-1.0677,-1.4039,-0.92973,-1.4924,-0.90442,0.24721,1.0557,-1.2388,-1.4816,-2.3755,-0.5638,-0.73888,-1.612,0.25764,-1.2405,-1.5535,0.39987,-2.3429,-1.4761,-0.59317,-2.015,-1.6373,-1.8182,-2.1485,-1.3507,-1.2235,-0.80639,-0.72442,-1.6922,-1.0797
0.95164,0.83605,0.47216,-0.046747,0.13013,-0.24188,-0.421,0.0037777,-0.91447,-0.78564,0.13053,-0.53141,-0.53345,-0.71246,0.22462,-1.1963,-0.85629,-0.039472,-0.4233,-0.53149,0.46324,-1.1817,0,-1.1329,-1.3638,-0.3301,-1.1426,-1.0868,-1.3988,-1.2224,-1.253,-1.2113,-1.4519,-1.1014,1.1074,0.55378,-0.23195,0.13349,-0.28696,-1.0526,-0.63563,-1.0923,-0.44372,-1.0764,-1.0024,0.15015,0.010853,0.93735,0.22513,0.4386,-1.0438,0.86797,0.52736,1.164,0.48704,0.98719,0.84616,-0.85024,1.2426,0.63679,0.92832,0.89503,0.97226,0.76697,0.032465,0.19044,0.35339,0.8762,0.9342,1.2094,0.79435,0.99755,0.50508,1.0354,0.50129,-0.30811,-0.78965,0.94044,1.1054,1.217,0.17194,0.59225,1.0848,-0.075384,0.59413,0.89898,-0.41013,1.1247,0.85868,0.11232,1.3272,1.2362,1.1425,1.1297,0.60993,0.65104,0.4675,0.24142,1.0859,0.8746
-1.5614,-1.3312,-0.60732,0.10143,-0.13285,0.46849,0.61815,0.0015257,1.6408,1.3671,-0.18158,1.0571,1.0795,1.3625,0.019499,1.9598,1.2032,-0.071863,0.30878,0.60054,-1.1208,2.4257,-1.1329,0,2.3173,0.50697,2.1871,1.7562,2.1387,2.3915,1.7472,2.08,2.2343,2.0017,-1.3705,-0.63885,0.2901,0.018187,0.52439,1.4764,1.0838,1.5065,0.45355,1.783,1.7966,-0.28521,0.047556,-1.4055,-0.25099,-0.81506,1.5121,-1.6678,-0.96145,-2.0677,-0.9383,-1.6961,-0.75569,0.97033,-1.6672,-0.88739,-1.5841,-1.5748,-1.4969,-1.2645,0.27192,-0.10346,-0.28657,-1.233,-1.4377,-1.7399,-1.1735,-1.5316,-0.98498,-1.6308,-1.0476,0.29723,1.0664,-1.3083,-1.6102,-2.1103,-0.55358,-0.67189,-1.5995,0.40261,-1.1165,-1.4563,0.46995,-2.1282,-1.4628,-0.54183,-1.8797,-1.8315,-1.9692,-1.9873,-1.3261,-1.2649,-0.82082,-0.73694,-1.6386,-1.0174
-1.8125,-1.5751,-0.74756,-0.020824,-0.2829,0.33246,0.688,-0.1235,1.6736,1.4471,-0.3356,0.8696,1.0172,1.4522,0.031877,2.063,1.2117,-0.082743,0.47633,0.6346,-1.1785,2.4901,-1.3638,2.3173,0,0.58516,2.331,2.0139,2.6741,2.611,2.1161,2.3851,2.5825,2.1637,-1.6776,-0.76735,0.28392,0.008824,0.54839,1.702,1.2196,1.794,0.63326,2.1255,1.9712,-0.16431,0.0711,-1.6577,-0.31588,-0.81068,1.7337,-1.465,-0.78977,-1.9504,-0.93749,-1.701,-0.7517,1.1902,-2.0897,-1.1405,-1.6274,-1.8258,-1.8474,-1.4647,0.09795,-0.20151,-0.26832,-1.4781,-1.5327,-2.0327,-1.2412,-1.5524,-0.93067,-1.6174,-0.95962,0.4333,1.2041,-1.5506,-1.8584,-2.3622,-0.40394,-0.84885,-1.8147,0.25803,-1.1272,-1.6919,0.55333,-2.3908,-1.5692,-0.55524,-2.3271,-1.9875,-2.0512,-2.0527,-1.2387,-1.1545,-0.77383,-0.67611,-1.9284,-1.1143
-0.34013,-0.454,-0.49356,-0.14544,-0.1975,-0.030001,0.15057,-0.27753,0.31382,0.30522,-0.39947,0.087622,0.18922,0.3022,-0.27457,0.59146,0.57033,0.40952,0.057436,0.25404,-0.2439,0.53313,-0.3301,0.50697,0.58516,0,0.54718,0.58337,0.64159,0.51756,0.7039,0.65698,0.66605,0.47002,-0.4875,-0.36361,-0.097868,-0.16793,-0.025989,0.62701,0.31238,0.60141,0.092816,0.58041,0.49631,-0.051929,0.0029147,-0.43251,0.029096,-0.35345,0.69716,-0.58059,-0.18014,-0.64969,-0.16217,-0.26396,-0.10426,0.48097,-0.65161,-0.21802,-0.58283,-0.33428,-0.30788,-0.44896,0.0087708,-0.048045,-0.29623,-0.38192,-0.67198,-0.58148,-0.69748,-0.63454,-0.46307,-0.70526,-0.44874,0.10509,0.21179,-0.43519,-0.60524,-0.52305,-0.10975,-0.37745,-0.596,0.080784,-0.2027,-0.31613,0.34888,-0.55849,-0.54305,-0.098248,-0.5734,-0.65615,-0.61571,-0.51903,-0.62759,-0.47841,-0.45581,-0.20153,-0.45269,-0.059749
-1.7828,-1.3936,-0.4954,0.20908,-0.085319,0.58776,0.56817,0.094121,1.9333,1.6454,-0.12796,1.1886,1.3611,1.6076,0.016005,1.7056,1.0559,-0.10402,0.43754,0.44171,-1.1309,2.5011,-1.1426,2.1871,2.331,0.54718,0,1.5089,1.8068,2.5215,1.6628,2.3453,1.8921,2.7234,-1.3326,-0.65216,0.22503,-0.094369,0.57683,1.2806,1.1252,1.3632,0.41828,1.6288,2.003,-0.30053,-0.085008,-1.5008,-0.35546,-0.75708,1.312,-1.5398,-1.0123,-1.7723,-1.1882,-1.8562,-0.76971,0.84207,-1.5106,-0.98705,-1.4096,-1.809,-1.7363,-1.3809,0.053847,-0.2677,-0.33131,-1.3956,-1.4449,-1.5608,-0.90844,-1.2157,-0.91728,-1.3354,-0.863,0.20281,1.0886,-1.1424,-1.3497,-2.4254,-0.59708,-0.84952,-1.658,0.21221,-1.4533,-1.7006,0.3193,-2.4267,-1.5459,-0.66419,-1.9166,-1.4439,-1.6328,-1.8527,-1.174,-1.231,-0.77503,-0.78838,-1.7151,-0.94888
-1.5685,-1.4723,-0.97583,-0.17243,-0.47606,0.15362,0.43563,-0.26877,1.1219,1.0336,-0.53264,0.54948,0.75778,0.96123,-0.05625,1.8584,1.0639,0.0081298,0.41328,0.58881,-0.83404,1.6932,-1.0868,1.7562,2.0139,0.58337,1.5089,0,2.3393,1.8754,2.1948,1.6007,2.3047,1.5457,-1.7379,-0.96302,0.27955,0.23717,0.57248,1.7579,0.92416,1.9912,0.78872,2.2774,1.5162,0.053459,0.2105,-1.3692,-0.26436,-0.76883,1.8235,-1.0661,-0.48182,-1.4968,-0.62531,-1.2218,-0.57243,1.4642,-2.0822,-1.1685,-1.5363,-1.5616,-1.4747,-1.2778,0.10874,0.10955,-0.12786,-1.4468,-1.2267,-1.9759,-1.3591,-1.5315,-0.73701,-1.5737,-0.83128,0.6678,1.0954,-1.8223,-1.9473,-1.6809,-0.15777,-0.74312,-1.6113,0.37721,-0.85284,-1.4077,0.62643,-1.6396,-1.4265,-0.31955,-1.9934,-1.8756,-1.8077,-1.7257,-0.94105,-0.929,-0.56678,-0.5364,-1.8527,-0.88795
-1.663,-1.5568,-0.95165,-0.18262,-0.44775,0.16127,0.61902,-0.28692,1.3168,1.1606,-0.52028,0.62309,0.83074,1.2382,-0.03783,2.1795,1.2749,0.004092,0.44228,0.80785,-1.0704,2.0807,-1.3988,2.1387,2.6741,0.64159,1.8068,2.3393,0,2.3836,2.5578,2.1556,3.0783,1.7534,-1.9342,-1.0178,0.20562,0.035737,0.47696,2.1013,1.1687,2.1823,0.76348,2.4402,1.7266,-0.029454,0.1585,-1.65,-0.27299,-0.91348,2.0164,-1.3661,-0.61681,-1.8804,-0.70684,-1.4396,-0.64101,1.4763,-2.4009,-1.1944,-1.7683,-1.6433,-1.6625,-1.4093,0.1263,-0.14723,-0.28626,-1.4328,-1.5626,-2.4056,-1.5587,-1.8711,-0.98172,-1.9209,-1.0575,0.60525,1.2244,-1.971,-2.3222,-2.0724,-0.20727,-0.85854,-1.9802,0.27169,-0.86156,-1.5133,0.74069,-1.9112,-1.6638,-0.33653,-2.5544,-2.3224,-2.2065,-2.1038,-1.2146,-1.1396,-0.71867,-0.63231,-1.9899,-1.1624
-1.8388,-1.5282,-0.67549,0.038984,-0.2274,0.39657,0.57104,-0.061242,1.7258,1.431,-0.26938,0.92738,1.2335,1.6059,0.020758,1.9206,1.1391,-0.04996,0.45675,0.59129,-1.1992,2.5541,-1.2224,2.3915,2.611,0.51756,2.5215,1.8754,2.3836,0,2.0239,2.5657,2.418,2.3917,-1.6023,-0.75698,0.20354,-0.082793,0.55477,1.6752,1.1503,1.6416,0.57999,1.9895,1.9076,-0.20489,-0.025668,-1.5536,-0.31744,-0.83598,1.587,-1.5299,-0.83409,-1.9191,-1.025,-1.7052,-0.69375,1.063,-1.8795,-1.119,-1.5222,-1.859,-1.7803,-1.5038,0.068435,-0.20994,-0.28585,-1.4666,-1.5546,-1.9113,-1.157,-1.4857,-0.94876,-1.5761,-0.99633,0.35177,1.1672,-1.4255,-1.6987,-2.4193,-0.46227,-0.84834,-1.8321,0.27437,-1.1971,-1.7199,0.48598,-2.3607,-1.661,-0.52555,-2.2147,-1.8377,-2.0065,-2.0152,-1.2697,-1.1891,-0.73945,-0.78773,-1.9286,-0.97758
-1.6321,-1.5204,-1.0093,-0.20761,-0.44474,0.1284,0.50488,-0.24132,1.1486,1.0263,-0.51022,0.55373,0.77514,1.0128,-0.0097392,1.8374,1.1152,-0.012338,0.41406,0.71242,-0.95522,1.7649,-1.253,1.7472,2.1161,0.7039,1.6628,2.1948,2.5578,2.0239,0,1.8353,2.3381,1.5511,-2.0171,-1.0959,0.19599,0.13818,0.47424,1.9517,1.0098,2.1026,0.80239,2.0668,1.6336,0.10441,0.25893,-1.5199,-0.34147,-0.91539,1.9147,-1.1488,-0.54969,-1.6211,-0.61229,-1.2931,-0.48623,1.5608,-2.0819,-1.1347,-1.568,-1.5141,-1.5759,-1.4133,0.07373,-0.090705,-0.26764,-1.4235,-1.3669,-2.1471,-1.5024,-1.6908,-0.82971,-1.7139,-0.88325,0.61882,1.1467,-1.9863,-2.092,-1.7068,-0.15806,-0.91982,-1.8785,0.14732,-0.79244,-1.4072,0.71227,-1.663,-1.5493,-0.29927,-2.1348,-2.0019,-1.8802,-1.7937,-1.0251,-0.99107,-0.60509,-0.64147,-1.8351,-1.0242
-1.6378,-1.4364,-0.57949,0.07071,-0.15547,0.44166,0.53764,-0.01078,1.6146,1.3086,-0.26245,0.95013,1.1404,1.527,-0.016623,1.8002,1.0577,-0.096727,0.38552,0.53184,-1.1324,2.1915,-1.2113,2.08,2.3851,0.65698,2.3453,1.6007,2.1556,2.5657,1.8353,0,2.1911,2.2906,-1.5079,-0.7412,0.16146,-0.1238,0.41277,1.613,1.1133,1.6173,0.52419,1.8636,1.8054,-0.21607,0.0097008,-1.5079,-0.32889,-0.7805,1.4574,-1.388,-0.83813,-1.807,-0.90359,-1.5972,-0.68727,0.99404,-1.7184,-0.96496,-1.3,-1.6297,-1.5656,-1.3689,0.053204,-0.30244,-0.30939,-1.3479,-1.3924,-1.7152,-1.0652,-1.3748,-0.86204,-1.4521,-0.94713,0.32473,1.0285,-1.3498,-1.6097,-2.1941,-0.52353,-0.87479,-1.6407,0.1759,-1.2069,-1.5392,0.44713,-2.1332,-1.527,-0.46361,-1.9491,-1.7354,-1.7351,-1.8253,-1.2657,-1.139,-0.63853,-0.80657,-1.7059,-0.88923
-1.629,-1.509,-0.90551,-0.14487,-0.40213,0.18728,0.62401,-0.25681,1.371,1.1984,-0.43534,0.65793,0.86934,1.3429,-0.017434,2.2085,1.3207,-0.010623,0.46824,0.77642,-1.1353,2.0739,-1.4519,2.2343,2.5825,0.66605,1.8921,2.3047,3.0783,2.418,2.3381,2.1911,0,1.8032,-1.8471,-0.91564,0.16879,-0.076353,0.40757,2.0102,1.1165,2.1037,0.77092,2.389,1.7509,-0.063844,0.086867,-1.5716,-0.24266,-0.91241,1.9419,-1.411,-0.67414,-2.0001,-0.71347,-1.4718,-0.6123,1.4115,-2.3254,-1.2079,-1.6902,-1.6045,-1.5947,-1.4191,0.15145,-0.1928,-0.33587,-1.3597,-1.6395,-2.3724,-1.5097,-1.829,-1.1018,-1.9611,-1.0823,0.51931,1.2513,-1.8809,-2.2425,-2.1525,-0.24171,-0.77984,-1.9214,0.27281,-0.8889,-1.4798,0.71536,-2.0011,-1.5614,-0.36162,-2.4035,-2.2612,-2.1634,-2.1277,-1.2601,-1.1918,-0.77898,-0.68698,-1.9056,-1.0379
-1.7299,-1.3629,-0.46223,0.2366,-0.05641,0.61489,0.65482,0.11982,2.0771,1.7925,-0.092879,1.2223,1.49,1.4824,0.0098495,1.6924,1.0634,-0.18948,0.44051,0.43496,-1.1925,2.4079,-1.1014,2.0017,2.1637,0.47002,2.7234,1.5457,1.7534,2.3917,1.5511,2.2906,1.8032,0,-1.2974,-0.5425,0.24701,-0.1393,0.5515,1.2203,1.1086,1.2912,0.38015,1.5887,1.8401,-0.32034,-0.071733,-1.4328,-0.31918,-0.69902,1.2866,-1.4472,-0.97289,-1.6947,-1.2446,-1.8788,-0.77924,0.80972,-1.4392,-0.95761,-1.3362,-1.9185,-1.7173,-1.3526,0.074482,-0.28906,-0.28516,-1.3467,-1.4333,-1.4992,-0.86098,-1.1396,-0.7893,-1.2375,-0.80137,0.17897,1.0216,-1.0887,-1.314,-2.4109,-0.64295,-0.78703,-1.6391,0.2435,-1.5079,-1.6769,0.27447,-2.4398,-1.4217,-0.67086,-1.7508,-1.394,-1.5595,-1.7252,-1.1918,-1.1971,-0.75956,-0.78741,-1.6979,-0.91836
1.7398,1.681,1.1682,0.36235,0.67854,-0.024987,-0.36655,0.42254,-0.94751,-0.81385,0.74168,-0.4125,-0.58736,-0.76293,0.06373,-1.5241,-0.94248,0.087025,-0.50789,-0.63639,0.76516,-1.3772,1.1074,-1.3705,-1.6776,-0.4875,-1.3326,-1.7379,-1.9342,-1.6023,-2.0171,-1.5079,-1.8471,-1.2974,0,1.1609,-0.22861,-0.2098,-0.61964,-1.5938,-1.1474,-1.8469,-0.78667,-1.7258,-1.3877,-0.25132,-0.27445,1.4604,0.37626,0.73226,-1.5558,0.88561,0.34052,1.3092,0.48859,1.0432,0.34956,-1.6144,1.809,1.1863,1.1938,1.3993,1.6842,1.402,0.090766,0.090882,0.14014,1.6373,1.1065,1.7163,1.2579,1.3668,0.58468,1.34,0.5842,-0.91214,-1.0138,1.8372,1.7488,1.4039,-0.022622,1.0105,1.683,-0.071558,0.74197,1.5398,-0.78467,1.3958,1.3411,0.25803,1.6736,1.5904,1.432,1.3576,0.66218,0.6929,0.33255,0.48382,2.0986,0.8363
0.82869,0.87703,1.0177,0.39106,0.72412,0.28289,-0.10925,0.52066,-0.29772,-0.15538,0.89717,0.083749,-0.046327,-0.37031,0.38357,-0.83651,-0.50158,0.061209,-0.25878,-0.53724,0.3044,-0.61364,0.55378,-0.63885,-0.76735,-0.36361,-0.65216,-0.96302,-1.0178,-0.75698,-1.0959,-0.7412,-0.91564,-0.5425,1.1609,0,-0.14939,-0.27582,-0.20261,-0.86656,-0.45135,-1.104,-0.49321,-0.90929,-0.64105,-0.29764,-0.22941,1.0222,0.40184,0.42204,-0.87275,0.33682,-0.072975,0.64586,0.043279,0.34422,0.16295,-1.138,0.97421,0.48142,0.60026,0.58066,0.74944,0.72068,0.32195,-0.033305,0.23438,0.87209,0.4588,0.85665,0.69714,0.72456,0.34348,0.70869,0.15851,-0.68431,-0.3594,1.1153,0.95706,0.66494,-0.2692,0.73499,0.99572,0.20471,0.12224,0.7227,-0.67439,0.64303,0.8036,-0.17599,0.86933,0.85769,0.7408,0.69738,0.28131,0.23534,0.069506,0.28105,0.96005,0.59479
-0.26059,-0.22967,-0.039419,-0.013893,-0.00030545,0.0077154,0.019527,0.048111,0.24488,0.21768,0.18539,0.15261,0.36857,-0.048029,0.30873,0.17177,0.12883,-0.29849,0.15888,0.052338,-0.19996,0.28746,-0.23195,0.2901,0.28392,-0.097868,0.22503,0.27955,0.20562,0.20354,0.19599,0.16146,0.16879,0.24701,-0.22861,-0.14939,0,0.55134,0.53736,0.10118,0.28238,0.22059,-0.090075,0.12872,0.38228,0.019202,0.016679,-0.099538,-0.14715,0.041447,0.16078,-0.039498,-0.086218,-0.20683,-0.15083,-0.36403,-0.15136,0.073901,-0.23122,-0.19382,-0.22988,-0.26555,-0.35899,-0.29157,-0.010804,0.16418,0.18317,-0.19062,-0.1918,-0.17043,-0.17737,-0.059749,-0.047505,-0.0097624,0.16266,0.12076,0.27548,-0.17586,-0.16848,-0.29617,-0.11276,0.097553,-0.031294,-0.0037748,-0.32082,-0.28245,-0.059903,-0.16826,-0.083135,-0.16689,-0.25206,-0.1472,-0.32965,-0.18143,-0.055199,-0.082616,-0.067292,-0.06984,-0.2844,-0.18333
-0.11044,-0.053518,-0.31753,-0.34509,-0.41079,-0.33212,-0.47041,-0.27506,-0.27526,-0.22407,-0.27182,-0.35631,-0.11514,-0.28163,0.37936,-0.16139,-0.17977,-0.15745,-0.1106,-0.1096,0.158,-0.097083,0.13349,0.018187,0.008824,-0.16793,-0.094369,0.23717,0.035737,-0.082793,0.13818,-0.1238,-0.076353,-0.1393,-0.2098,-0.27582,0.55134,0,0.90138,0.054094,0.30884,0.22055,0.062356,0.14166,0.12036,0.26003,0.04315,-0.093909,-0.20817,-0.15242,0.028761,0.31121,0.19111,0.18562,0.15141,0.18271,0.20507,0.31547,-0.19204,-0.28581,-0.030867,0.059303,-0.043873,0.0041393,0.11053,0.66212,0.692,-0.16497,0.11752,-0.11735,-0.027666,0.026293,0.16378,0.11006,0.21945,0.42421,-0.17654,-0.13298,-0.10905,0.11396,0.34219,-0.0089635,0.17153,0.023348,-0.025795,-0.078944,-0.1013,0.10605,0.085863,-0.065272,-0.10643,0.007813,-0.078002,0.058521,0.28809,0.2286,0.136,-0.11954,-0.10431,0.037576
-0.69374,-0.55986,-0.11936,0.0066482,-0.18347,0.14898,-0.24545,0.042294,0.36926,0.29837,-0.032052,0.33238,0.37385,0.21258,0.4197,0.29436,0.029654,-0.22767,0.14356,-0.14201,-0.25916,0.4175,-0.28696,0.52439,0.54839,-0.025989,0.57683,0.57248,0.47696,0.55477,0.47424,0.41277,0.40757,0.5515,-0.61964,-0.20261,0.53736,0.90138,0,0.27012,0.72023,0.42466,0.10315,0.43129,0.55609,0.13682,-0.13727,-0.5146,-0.44281,-0.2556,0.26611,-0.16896,-0.18227,-0.30769,-0.45688,-0.43085,-0.084059,0.18839,-0.37412,-0.59055,-0.3039,-0.54493,-0.62366,-0.42861,0.051371,0.20285,0.40736,-0.64192,-0.32498,-0.44402,-0.00019693,-0.18421,-0.0030431,-0.15122,-0.0069954,0.10769,0.1259,-0.36247,-0.35472,-0.50678,-0.21581,-0.47975,-0.31194,0.094433,-0.57083,-0.63356,-0.26112,-0.56624,-0.33038,-0.51677,-0.4825,-0.26898,-0.38651,-0.33419,-0.13892,-0.25976,-0.0030171,-0.26327,-0.63736,-0.34704
-1.2265,-1.1477,-1.1526,-0.32857,-0.59974,-0.046907,0.48508,-0.49093,0.85911,0.82474,-0.55517,0.40672,0.53484,0.92903,0.25525,1.6772,1.1793,0.1394,0.41317,0.75808,-0.78372,1.3586,-1.0526,1.4764,1.702,0.62701,1.2806,1.7579,2.1013,1.6752,1.9517,1.613,2.0102,1.2203,-1.5938,-0.86656,0.10118,0.054094,0.27012,0,0.777,2.2181,1.0441,2.0726,1.2371,0.082457,0.25637,-1.2613,-0.15006,-0.73136,1.6737,-1.014,-0.33553,-1.5407,-0.38922,-0.92726,-0.40796,1.5734,-1.956,-0.89892,-1.4691,-1.1065,-1.1086,-1.0495,0.12302,-0.11786,0.067894,-1.1239,-1.298,-1.9983,-1.5691,-1.7583,-0.88413,-1.7484,-0.93378,0.66492,1.1807,-1.7974,-2.1882,-1.4669,-0.044471,-0.51804,-1.4656,0.27888,-0.49414,-1.0561,0.79361,-1.2752,-1.2241,-0.1008,-1.9044,-2.0357,-1.8099,-1.7236,-0.89921,-0.88161,-0.54397,-0.55871,-1.452,-0.64447
-1.0689,-1.0336,-0.55373,-0.068514,-0.45051,0.14568,0.3729,-0.11459,0.80496,0.69787,-0.256,0.4988,0.55095,0.68237,0.1284,0.89954,0.44052,-0.098492,0.23403,0.3112,-0.68125,1.0622,-0.63563,1.0838,1.2196,0.31238,1.1252,0.92416,1.1687,1.1503,1.0098,1.1133,1.1165,1.1086,-1.1474,-0.45135,0.28238,0.30884,0.72023,0.777,0,0.97656,0.4101,0.99129,0.96761,0.13915,0.33563,-0.86873,-0.25474,-0.51279,0.85012,-0.65014,-0.37986,-0.86326,-0.45324,-0.80299,-0.28225,0.73142,-1.1412,-0.79988,-0.85889,-0.84454,-0.94012,-0.83526,0.18033,0.068404,-0.028224,-0.8637,-0.69193,-1.1657,-0.7613,-0.83831,-0.29743,-0.8065,-0.23351,0.41615,0.71454,-0.99806,-1.0715,-1.0495,-0.12379,-0.61439,-0.90947,0.2214,-0.75141,-1.0799,0.29277,-1.1018,-0.8267,-0.42004,-1.1143,-0.98723,-1.0065,-0.87397,-0.42979,-0.48321,-0.17578,-0.25779,-1.126,-0.38134
-1.3938,-1.3548,-1.2796,-0.40344,-0.65654,-0.050564,0.43201,-0.47679,0.93539,0.86325,-0.7242,0.40062,0.54975,0.8695,0.11374,1.7541,1.113,0.12247,0.48949,0.80604,-0.72402,1.4659,-1.0923,1.5065,1.794,0.60141,1.3632,1.9912,2.1823,1.6416,2.1026,1.6173,2.1037,1.2912,-1.8469,-1.104,0.22059,0.22055,0.42466,2.2181,0.97656,0,0.90634,2.1659,1.3,0.054676,0.33384,-1.3325,-0.25423,-0.76686,1.8118,-0.99147,-0.34815,-1.4997,-0.45711,-0.99826,-0.38924,1.6908,-2.1598,-1.01,-1.4667,-1.2612,-1.2588,-1.2187,0.12024,0.0046621,0.027928,-1.3014,-1.2502,-1.9888,-1.5212,-1.6309,-0.73623,-1.6686,-0.76409,0.80475,1.2272,-1.9483,-2.1584,-1.477,-0.018587,-0.64373,-1.5875,0.30012,-0.59033,-1.2354,0.93244,-1.3896,-1.3416,-0.17063,-1.9934,-1.9427,-1.7049,-1.6306,-0.86283,-0.79974,-0.44215,-0.49315,-1.7038,-0.84148
-0.56807,-0.49,-0.80797,-0.3922,-0.56694,-0.19273,0.22341,-0.4582,0.21392,0.18916,-0.54347,-0.038082,0.071105,0.26787,0.26052,0.62241,0.45822,-0.049725,-0.11348,0.36123,-0.481,0.44189,-0.44372,0.45355,0.63326,0.092816,0.41828,0.78872,0.76348,0.57999,0.80239,0.52419,0.77092,0.38015,-0.78667,-0.49321,-0.090075,0.062356,0.10315,1.0441,0.4101,0.90634,0,0.89112,0.50153,0.12399,0.072719,-0.62239,-0.27255,-0.43926,0.66535,-0.23177,-0.05076,-0.50538,-0.20183,-0.29712,0.015423,0.92881,-0.85722,-0.41727,-0.49125,-0.39247,-0.5219,-0.42204,0.055941,-0.21225,0.49826,-0.60772,-0.3823,-0.62791,-0.61814,-0.75136,-0.074379,-0.63967,-0.3041,0.59979,0.58985,-0.83814,-0.81074,-0.52007,0.37536,-0.30941,-0.57028,0.12507,-0.1224,-0.53369,0.40438,-0.53408,-0.51708,0.18062,-0.74654,-0.79146,-0.63096,-0.48617,-0.016119,-0.099032,0.10725,-0.15082,-0.66592,0.069385
-1.4893,-1.3543,-1.0117,-0.15631,-0.46634,0.11065,0.49249,-0.28451,1.1327,1.0962,-0.57479,0.54966,0.74415,1.0955,0.12537,1.852,1.0969,0.048649,0.37882,0.57714,-0.89811,1.7147,-1.0764,1.783,2.1255,0.58041,1.6288,2.2774,2.4402,1.9895,2.0668,1.8636,2.389,1.5887,-1.7258,-0.90929,0.12872,0.14166,0.43129,2.0726,0.99129,2.1659,0.89112,0,1.5889,-0.017065,0.11795,-1.4438,-0.27557,-0.84298,1.8085,-1.1465,-0.51487,-1.6716,-0.61279,-1.2592,-0.50076,1.3956,-2.1405,-1.1985,-1.6107,-1.4788,-1.3951,-1.1967,0.19099,-0.0077849,-0.06732,-1.3772,-1.3091,-2.1029,-1.3744,-1.6266,-0.75584,-1.7248,-0.87645,0.68552,1.1028,-1.732,-1.9497,-1.7947,-0.17671,-0.70074,-1.7582,0.40267,-0.78416,-1.3606,0.65367,-1.713,-1.4299,-0.30293,-2.0755,-1.9916,-1.7751,-1.7843,-0.93746,-0.95581,-0.56545,-0.63847,-1.6338,-0.7585
-1.4497,-1.1983,-0.51215,0.13544,-0.13433,0.52632,0.50706,0.035048,1.4373,1.2851,-0.18771,0.95983,1.0601,1.2062,0.16091,1.6116,0.92104,-0.19083,0.32127,0.37127,-1.1203,1.8458,-1.0024,1.7966,1.9712,0.49631,2.003,1.5162,1.7266,1.9076,1.6336,1.8054,1.7509,1.8401,-1.3877,-0.64105,0.38228,0.12036,0.55609,1.2371,0.96761,1.3,0.50153,1.5889,0,-0.10649,0.042841,-1.3165,-0.41221,-0.73952,1.3411,-1.3019,-0.83358,-1.6165,-1.0158,-1.3898,-0.56729,0.92276,-1.4845,-0.81617,-1.316,-1.5802,-1.4685,-1.2901,0.12595,-0.027539,-0.28089,-1.2449,-1.19,-1.4441,-0.95405,-1.1604,-0.74285,-1.2762,-0.77694,0.33606,0.99509,-1.1151,-1.4123,-1.8655,-0.52177,-0.71445,-1.4843,0.2623,-1.2454,-1.4911,0.32385,-1.7806,-1.2598,-0.73927,-1.6434,-1.4258,-1.6148,-1.5552,-0.9443,-0.98377,-0.62985,-0.88062,-1.5462,-0.82974
0.0069949,-0.083942,-0.67432,-0.664,-0.85471,-0.58816,-0.39913,-0.73039,-0.45288,-0.50519,-0.56685,-0.58503,-0.56652,-0.32793,-0.099423,-0.18225,-0.18926,-0.12429,0.11588,0.14255,0.19177,-0.33427,0.15015,-0.28521,-0.16431,-0.051929,-0.30053,0.053459,-0.029454,-0.20489,0.10441,-0.21607,-0.063844,-0.32034,-0.25132,-0.29764,0.019202,0.26003,0.13682,0.082457,0.13915,0.054676,0.12399,-0.017065,-0.10649,0,0.30457,-0.097302,-0.14032,-0.11883,0.068922,0.56469,0.67409,0.27308,0.44415,0.42475,0.61812,0.47295,-0.041592,-0.19106,0.017627,0.17106,0.060841,-0.059412,-0.049112,0.3997,-0.038108,-0.13335,0.27582,-0.02105,-0.19041,-0.028118,0.27345,0.059803,0.34955,0.46483,-0.11244,-0.27105,-0.088624,0.3084,0.85896,-0.11426,0.029184,-0.12378,0.15422,0.10166,0.34919,0.29849,0.10888,0.20943,0.09587,-0.012073,0.12782,0.13823,0.40749,0.37589,0.65405,-0.01049,-0.034864,0.13696
-0.10131,-0.15894,-0.58993,-0.37165,-0.58728,-0.33131,0.2916,-0.42862,-0.20907,-0.17877,-0.50862,-0.21937,-0.25549,-0.23536,-0.24942,0.21039,0.090272,0.15473,0.0025479,0.45081,0.093684,0.0058391,0.010853,0.047556,0.0711,0.0029147,-0.085008,0.2105,0.1585,-0.025668,0.25893,0.0097008,0.086867,-0.071733,-0.27445,-0.22941,0.016679,0.04315,-0.13727,0.25637,0.33563,0.33384,0.072719,0.11795,0.042841,0.30457,0,-0.02186,-0.004554,-0.055325,0.37508,0.12945,0.35468,0.086763,0.41006,0.1563,0.10036,0.47036,-0.16095,0.025249,0.13179,0.086095,0.0053722,0.030132,0.099023,0.18288,-0.021695,-0.033431,0.1227,-0.053059,-0.19961,-0.13075,0.47259,-0.038732,0.1553,0.73566,-0.03716,-0.37734,-0.31315,0.063762,0.25654,-0.067705,-0.090818,-0.23929,0.22154,0.01831,0.48749,0.068385,-0.096097,0.33614,-0.039832,-0.20708,-0.11732,0.049848,0.22475,0.19706,0.32979,-0.061226,-0.13847,-0.37792
1.4509,1.2279,0.73,0.029568,0.3125,-0.3063,-0.37231,0.131,-1.0978,-0.93223,0.34635,-0.59595,-0.76093,-0.86597,0.11162,-1.344,-0.75427,0.11899,-0.16778,-0.45428,0.79875,-1.4382,0.93735,-1.4055,-1.6577,-0.43251,-1.5008,-1.3692,-1.65,-1.5536,-1.5199,-1.5079,-1.5716,-1.4328,1.4604,1.0222,-0.099538,-0.093909,-0.5146,-1.2613,-0.86873,-1.3325,-0.62239,-1.4438,-1.3165,-0.097302,-0.02186,0,0.54841,0.8207,-1.1661,0.97261,0.55156,1.3112,0.81289,1.2571,0.55598,-1.0436,1.5419,0.90202,1.1951,1.3297,1.5426,1.1912,0.11015,0.11661,0.24711,1.4903,1.0755,1.4478,0.90379,1.0855,0.58759,1.1593,0.63821,-0.51981,-0.8507,1.3104,1.3264,1.4389,0.14156,0.96311,1.3953,0.12065,0.84995,1.4646,-0.48093,1.5055,1.324,0.33673,1.5994,1.3695,1.2946,1.3138,0.73047,0.68779,0.30586,0.56423,1.5825,0.7614
0.45398,0.45327,-0.036541,-0.16753,0.043238,-0.27936,0.054332,-0.21826,-0.29374,-0.2134,0.094983,-0.19597,-0.30026,-0.26893,0.19533,-0.079162,0.34268,0.25968,-0.026826,0.28548,0.43311,-0.26868,0.22513,-0.25099,-0.31588,0.029096,-0.35546,-0.26436,-0.27299,-0.31744,-0.34147,-0.32889,-0.24266,-0.31918,0.37626,0.40184,-0.14715,-0.20817,-0.44281,-0.15006,-0.25474,-0.25423,-0.27255,-0.27557,-0.41221,-0.14032,-0.004554,0.54841,0,0.45426,-0.047248,0.075573,0.10837,0.072312,0.52977,0.41888,0.1386,-0.12479,0.23258,0.45573,-0.065303,0.35685,0.53037,0.30162,0.62033,0.061387,0.14636,0.7364,0.13229,0.15098,-0.22973,-0.10456,-0.21839,-0.063786,-0.21759,-0.26238,-0.31367,0.14687,0.11436,0.29801,0.18774,0.63757,0.45284,0.50575,0.33642,0.57057,0.3812,0.4036,0.42106,0.19348,0.17648,0.051256,0.1897,0.066101,-0.047541,-0.12376,-0.1627,0.57328,0.45816,0.25018
0.70002,0.59485,0.27551,-0.11196,0.002272,-0.33952,-0.12199,-0.1465,-0.62528,-0.38475,0.013254,-0.35492,-0.51072,-0.47495,0.052338,-0.65194,-0.42647,0.30263,0.12067,-0.16491,0.70688,-0.68398,0.4386,-0.81506,-0.81068,-0.35345,-0.75708,-0.76883,-0.91348,-0.83598,-0.91539,-0.7805,-0.91241,-0.69902,0.73226,0.42204,0.041447,-0.15242,-0.2556,-0.73136,-0.51279,-0.76686,-0.43926,-0.84298,-0.73952,-0.11883,-0.055325,0.8207,0.45426,0,-0.6262,0.7658,0.64239,0.7843,0.55375,0.69336,0.22051,-0.53889,0.79106,0.54898,0.71622,0.60361,0.68522,0.54543,0.097426,0.07046,0.42567,0.60027,0.61837,0.73941,0.5978,0.6157,0.36944,0.71856,0.47755,-0.25887,-0.46347,0.65067,0.73356,0.85331,0.19598,0.44221,0.75133,0.085999,0.53273,0.70393,-0.078166,0.87575,0.89326,0.12737,0.86791,0.76771,0.72788,0.77324,0.51469,0.46664,0.24913,0.60007,0.74152,0.24575
-1.2849,-1.2322,-1.1231,-0.26658,-0.56884,0.025773,0.50539,-0.42138,0.92905,0.81816,-0.62282,0.40517,0.55887,0.81801,-0.014103,1.8532,1.2402,0.017601,0.36738,0.91066,-0.70813,1.4633,-1.0438,1.5121,1.7337,0.69716,1.312,1.8235,2.0164,1.587,1.9147,1.4574,1.9419,1.2866,-1.5558,-0.87275,0.16078,0.028761,0.26611,1.6737,0.85012,1.8118,0.66535,1.8085,1.3411,0.068922,0.37508,-1.1661,-0.047248,-0.6262,0,-1.1131,-0.44737,-1.4826,-0.45334,-1.0114,-0.55837,1.5444,-1.8936,-0.90603,-1.3698,-1.1729,-1.2175,-1.1049,0.23489,-0.067784,-0.30601,-1.077,-1.3535,-1.8813,-1.6629,-1.7241,-0.74239,-1.6615,-0.83376,0.81471,0.88623,-1.7313,-1.9958,-1.4309,-0.038008,-0.67521,-1.4836,0.40927,-0.59239,-1.0954,0.80899,-1.3185,-1.1845,-0.098318,-1.8624,-1.9278,-1.7804,-1.5617,-0.80809,-0.89403,-0.41133,-0.46132,-1.4888,-0.86198
1.0621,0.82053,0.34652,-0.31049,-0.12973,-0.60253,-0.64044,-0.19009,-1.5079,-1.2467,-0.13132,-1.055,-1.0645,-1.1025,-0.052888,-1.3071,-1.1916,0.073873,-0.17319,-0.4132,1.0498,-1.641,0.86797,-1.6678,-1.465,-0.58059,-1.5398,-1.0661,-1.3661,-1.5299,-1.1488,-1.388,-1.411,-1.4472,0.88561,0.33682,-0.039498,0.31121,-0.16896,-1.014,-0.65014,-0.99147,-0.23177,-1.1465,-1.3019,0.56469,0.12945,0.97261,0.075573,0.7658,-1.1131,0,1.3809,1.7116,1.0451,1.3427,0.71415,-0.60119,1.1368,0.60282,1.1708,1.2065,1.072,0.95642,-0.30225,0.35283,0.30671,0.79714,1.4982,1.2242,0.90872,1.2102,1.0528,1.3195,0.92604,-0.081074,-0.8017,0.86309,1.1465,1.5917,0.60624,0.43204,1.1288,-0.38883,0.93389,1.0483,-0.28941,1.5664,1.2259,0.41167,1.3158,1.3126,1.3974,1.4641,1.2471,1.2664,1.0057,0.64267,1.0437,0.69969
0.62611,0.43352,-0.23548,-0.78442,-0.67678,-1.0659,-0.32929,-0.78234,-1.2422,-1.0221,-0.62302,-1.2693,-1.1742,-0.82751,-0.22659,-0.6253,-0.54142,0.31294,-0.0078155,0.051029,0.78913,-1.02,0.52736,-0.96145,-0.78977,-0.18014,-1.0123,-0.48182,-0.61681,-0.83409,-0.54969,-0.83813,-0.67414,-0.97289,0.34052,-0.072975,-0.086218,0.19111,-0.18227,-0.33553,-0.37986,-0.34815,-0.05076,-0.51487,-0.83358,0.67409,0.35468,0.55156,0.10837,0.64239,-0.44737,1.3809,0,0.90728,1.133,1.0824,0.66799,-0.052149,0.44296,0.27155,0.66206,0.76332,0.66487,0.60502,-0.25807,0.29033,0.18703,0.44892,0.93824,0.55295,0.31513,0.46635,0.59935,0.61535,0.54241,0.24901,-0.47628,0.26106,0.43692,0.9538,0.7884,0.19005,0.60205,-0.31838,0.90084,0.71521,0.31675,0.97671,0.80112,0.40115,0.62665,0.52229,0.74813,0.74414,0.8904,1.0453,0.88297,0.50029,0.52406,0.45086
1.2835,1.0863,0.73918,0.01512,0.24477,-0.2889,-0.60427,0.15771,-1.4625,-1.2096,0.22814,-0.82821,-0.91619,-1.2665,-0.081324,-1.823,-1.4185,0.13055,-0.26227,-0.67353,0.94956,-1.8578,1.164,-2.0677,-1.9504,-0.64969,-1.7723,-1.4968,-1.8804,-1.9191,-1.6211,-1.807,-2.0001,-1.6947,1.3092,0.64586,-0.20683,0.18562,-0.30769,-1.5407,-0.86326,-1.4997,-0.50538,-1.6716,-1.6165,0.27308,0.086763,1.3112,0.072312,0.7843,-1.4826,1.7116,0.90728,0,0.81283,1.4785,0.80529,-1.0888,1.6493,0.87317,1.473,1.3406,1.2411,1.0988,-0.32084,0.26358,0.38764,1.0409,1.8059,1.7459,1.2882,1.6394,1.2791,1.8395,1.1654,-0.23931,-1.0336,1.308,1.6982,2.0535,0.44509,0.57643,1.5444,-0.41301,0.86031,1.2047,-0.59798,1.7595,1.3522,0.45465,1.868,1.8611,1.817,1.937,1.2615,1.4131,1.0365,0.55345,1.3757,0.78303
0.83387,0.61227,-0.22781,-0.84191,-0.58815,-1.3079,-0.35942,-0.91147,-1.4507,-1.2367,-0.50779,-1.4612,-1.3862,-0.87876,-0.082532,-0.66555,-0.41198,0.4905,-0.11301,0.22909,1.112,-1.0445,0.48704,-0.9383,-0.93749,-0.16217,-1.1882,-0.62531,-0.70684,-1.025,-0.61229,-0.90359,-0.71347,-1.2446,0.48859,0.043279,-0.15083,0.15141,-0.45688,-0.38922,-0.45324,-0.45711,-0.20183,-0.61279,-1.0158,0.44415,0.41006,0.81289,0.52977,0.55375,-0.45334,1.0451,1.133,0.81283,0,1.2926,0.64604,-0.10512,0.51248,0.59257,0.62848,1.1256,0.97092,0.83866,-0.034767,0.28555,0.20387,0.71284,0.87452,0.57194,0.12912,0.3637,0.43191,0.49389,0.37985,0.16107,-0.57682,0.32934,0.47862,1.0441,0.80353,0.48462,0.79014,-0.13906,1.2453,1.0123,0.41842,1.1742,1.077,0.81654,0.68886,0.493,0.69643,0.7771,0.68611,0.77791,0.61997,0.77173,0.79099,0.48778
1.3354,1.1541,0.26856,-0.40031,-0.15166,-0.86137,-0.56896,-0.33022,-1.9351,-1.6394,-0.16493,-1.225,-1.5787,-1.2996,-0.17687,-1.274,-0.84592,0.31965,-0.31075,-0.18667,1.0486,-1.8749,0.98719,-1.6961,-1.701,-0.26396,-1.8562,-1.2218,-1.4396,-1.7052,-1.2931,-1.5972,-1.4718,-1.8788,1.0432,0.34422,-0.36403,0.18271,-0.43085,-0.92726,-0.80299,-0.99826,-0.29712,-1.2592,-1.3898,0.42475,0.1563,1.2571,0.41888,0.69336,-1.0114,1.3427,1.0824,1.4785,1.2926,0,0.92137,-0.57024,1.1189,0.84464,1.1562,1.5367,1.4585,1.1538,-0.18767,0.20328,0.30089,1.0978,1.342,1.1926,0.65127,0.92899,0.62147,1.0401,0.62846,-0.077787,-0.976,0.88474,1.0792,1.9895,0.76276,0.59713,1.2148,-0.23031,1.2242,1.3738,-0.08273,1.7697,1.2543,0.70568,1.3234,1.1206,1.3603,1.4254,0.941,1.005,0.66056,0.72096,1.3281,0.81105
0.48151,0.45205,-0.096789,-0.5137,-0.47086,-0.63118,-0.38641,-0.44095,-0.8111,-0.74984,-0.31553,-0.7678,-0.72768,-0.45616,0.26139,-0.72787,-0.55718,0.066609,-0.13464,-0.4611,0.30875,-0.84154,0.84616,-0.75569,-0.7517,-0.10426,-0.76971,-0.57243,-0.64101,-0.69375,-0.48623,-0.68727,-0.6123,-0.77924,0.34956,0.16295,-0.15136,0.20507,-0.084059,-0.40796,-0.28225,-0.38924,0.015423,-0.50076,-0.56729,0.61812,0.10036,0.55598,0.1386,0.22051,-0.55837,0.71415,0.66799,0.80529,0.64604,0.92137,0,-0.23229,0.56725,0.074972,0.41754,0.53266,0.48488,0.2819,-0.21986,0.19849,0.37304,0.31594,0.57272,0.54815,0.24868,0.44725,0.2479,0.48165,0.39741,-0.082419,-0.35313,0.25858,0.49329,0.80837,0.50825,0.28991,0.53084,-0.024493,0.41869,0.46874,0.1662,0.71151,0.52643,0.20618,0.65034,0.60226,0.6428,0.75089,0.5826,0.48901,0.49651,0.23221,0.49347,0.69836
-0.99886,-1.0342,-1.7085,-0.71876,-0.99841,-0.37966,0.18488,-0.84192,0.51294,0.43386,-0.9857,0.018362,0.16901,0.34646,-0.11101,1.3205,0.92619,-0.0034863,0.21505,0.91221,-0.53394,0.93875,-0.85024,0.97033,1.1902,0.48097,0.84207,1.4642,1.4763,1.063,1.5608,0.99404,1.4115,0.80972,-1.6144,-1.138,0.073901,0.31547,0.18839,1.5734,0.73142,1.6908,0.92881,1.3956,0.92276,0.47295,0.47036,-1.0436,-0.12479,-0.53889,1.5444,-0.60119,-0.052149,-1.0888,-0.10512,-0.57024,-0.23229,0,-1.6862,-0.84411,-1.1246,-0.82915,-0.94342,-0.86716,0.12493,-0.015154,-0.039246,-0.99241,-0.90971,-1.5407,-1.4577,-1.5188,-0.5177,-1.4193,-0.50419,1.1237,0.70593,-1.6161,-1.7122,-1.0006,0.48174,-0.65608,-1.2017,0.13798,-0.26758,-0.8412,1.1971,-0.88931,-0.955,0.017948,-1.5212,-1.5583,-1.3032,-1.2139,-0.35171,-0.49688,-0.14059,-0.19994,-1.2377,-0.67118
1.4622,1.4667,1.1509,0.31651,0.59012,-0.022182,-0.5039,0.45003,-1.058,-0.95048,0.59713,-0.46153,-0.60122,-0.96206,-0.079874,-1.8424,-1.1837,-0.039997,-0.44772,-0.88413,0.86193,-1.6471,1.2426,-1.6672,-2.0897,-0.65161,-1.5106,-2.0822,-2.4009,-1.8795,-2.0819,-1.7184,-2.3254,-1.4392,1.809,0.97421,-0.23122,-0.19204,-0.37412,-1.956,-1.1412,-2.1598,-0.85722,-2.1405,-1.4845,-0.041592,-0.16095,1.5419,0.23258,0.79106,-1.8936,1.1368,0.44296,1.6493,0.51248,1.1189,0.56725,-1.6862,0,1.2227,1.8466,1.4299,1.4606,1.2448,-0.11483,-0.040606,0.074677,1.3701,1.4437,2.3986,1.5596,1.8445,0.89438,1.855,0.92815,-0.69902,-1.2179,1.9723,2.1827,1.6891,0.052743,0.74581,1.6925,-0.26553,0.73174,1.3774,-0.88655,1.5866,1.3665,0.31762,2.4025,2.1928,1.9159,1.8496,0.90443,0.86621,0.5756,0.49791,1.7648,0.84791
1.0698,1.0319,0.56819,0.077767,0.38345,-0.10833,-0.021107,0.16421,-0.6673,-0.6451,0.48025,-0.30884,-0.52831,-0.49115,-0.14539,-0.92976,-0.53511,0.27768,-0.20473,-0.16197,0.6682,-0.86553,0.63679,-0.88739,-1.1405,-0.21802,-0.98705,-1.1685,-1.1944,-1.119,-1.1347,-0.96496,-1.2079,-0.95761,1.1863,0.48142,-0.19382,-0.28581,-0.59055,-0.89892,-0.79988,-1.01,-0.41727,-1.1985,-0.81617,-0.19106,0.025249,0.90202,0.45573,0.54898,-0.90603,0.60282,0.27155,0.87317,0.59257,0.84464,0.074972,-0.84411,1.2227,0,0.78558,1.0348,1.1741,0.88982,0.083942,-0.16465,-0.073482,1.0386,0.89171,1.1527,0.63329,0.77142,0.25751,0.79535,0.23908,-0.38505,-0.73954,1.1218,0.99479,1.0098,-0.045057,0.67671,0.94675,-0.10022,0.69529,1.0814,-0.20934,1.0031,0.85093,0.41809,1.119,0.91147,0.94265,0.78653,0.26422,0.36006,0.18178,0.49489,1.1333,0.34213
1.0962,0.9729,0.71731,0.04592,0.29687,-0.25691,-0.53586,0.12658,-1.1767,-1.0107,0.2265,-0.67572,-0.81195,-0.9258,-0.22585,-1.5548,-1.0003,-0.049869,-0.42058,-0.57025,0.73452,-1.5261,0.92832,-1.5841,-1.6274,-0.58283,-1.4096,-1.5363,-1.7683,-1.5222,-1.568,-1.3,-1.6902,-1.3362,1.1938,0.60026,-0.22988,-0.030867,-0.3039,-1.4691,-0.85889,-1.4667,-0.49125,-1.6107,-1.316,0.017627,0.13179,1.1951,-0.065303,0.71622,-1.3698,1.1708,0.66206,1.473,0.62848,1.1562,0.41754,-1.1246,1.8466,0.78558,0,1.2526,1.1151,1.0573,-0.3839,-0.03229,0.13476,0.93122,1.2153,2.0001,1.5198,1.6942,1.0391,1.8489,1.0394,-0.21203,-1.0386,1.2958,1.7283,1.5021,0.12758,0.38547,1.2665,-0.51894,0.86488,1.09,-0.64074,1.4684,1.1113,0.47444,1.9478,1.8629,1.6571,1.8662,1.0549,0.91359,0.59484,0.23349,1.2381,0.57262
1.7252,1.3154,0.45104,-0.20688,0.10433,-0.57294,-0.58498,-0.13021,-1.6158,-1.4417,0.15251,-0.9913,-1.2813,-1.1387,-0.072586,-1.3601,-0.87614,0.22922,-0.40072,-0.31901,1.0796,-1.705,0.89503,-1.5748,-1.8258,-0.33428,-1.809,-1.5616,-1.6433,-1.859,-1.5141,-1.6297,-1.6045,-1.9185,1.3993,0.58066,-0.26555,0.059303,-0.54493,-1.1065,-0.84454,-1.2612,-0.39247,-1.4788,-1.5802,0.17106,0.086095,1.3297,0.35685,0.60361,-1.1729,1.2065,0.76332,1.3406,1.1256,1.5367,0.53266,-0.82915,1.4299,1.0348,1.2526,0,1.8536,1.4476,-0.048818,0.1557,0.087693,1.4084,1.1819,1.3932,0.80392,1.032,0.56866,1.1205,0.65087,-0.30196,-1.0078,1.123,1.2512,1.7609,0.49495,0.75599,1.5519,-0.10617,1.4343,1.6704,-0.24076,1.8802,1.2946,0.82977,1.5855,1.2702,1.3774,1.4177,0.87711,0.8981,0.51317,0.68764,1.7363,0.90116
2.0672,1.7121,0.58256,-0.089134,0.23192,-0.45352,-0.44948,-0.0016576,-1.3896,-1.1837,0.31646,-0.80264,-1.0587,-1.0474,0.011767,-1.3853,-0.82916,0.20298,-0.39528,-0.3364,1.0165,-1.6734,0.97226,-1.4969,-1.8474,-0.30788,-1.7363,-1.4747,-1.6625,-1.7803,-1.5759,-1.5656,-1.5947,-1.7173,1.6842,0.74944,-0.35899,-0.043873,-0.62366,-1.1086,-0.94012,-1.2588,-0.5219,-1.3951,-1.4685,0.060841,0.0053722,1.5426,0.53037,0.68522,-1.2175,1.072,0.66487,1.2411,0.97092,1.4585,0.48488,-0.94342,1.4606,1.1741,1.1151,1.8536,0,1.469,0.10066,0.22907,0.17106,1.8298,1.0819,1.3987,0.82781,1.0529,0.50379,1.0709,0.56345,-0.47183,-0.96123,1.2793,1.2554,1.6017,0.33184,1.0774,1.5236,0.031135,1.2932,1.9508,-0.31452,1.7606,1.2856,0.58711,1.5969,1.2562,1.3588,1.3089,0.73447,0.77696,0.40501,0.71358,1.9972,0.9782
1.5795,1.3096,0.60716,-0.027077,0.22432,-0.40939,-0.35007,0.0047622,-1.1174,-1.0358,0.27156,-0.75263,-0.84738,-0.94475,-0.024912,-1.2582,-0.80912,0.11727,-0.49032,-0.30936,0.79393,-1.3904,0.76697,-1.2645,-1.4647,-0.44896,-1.3809,-1.2778,-1.4093,-1.5038,-1.4133,-1.3689,-1.4191,-1.3526,1.402,0.72068,-0.29157,0.0041393,-0.42861,-1.0495,-0.83526,-1.2187,-0.42204,-1.1967,-1.2901,-0.059412,0.030132,1.1912,0.30162,0.54543,-1.1049,0.95642,0.60502,1.0988,0.83866,1.1538,0.2819,-0.86716,1.2448,0.88982,1.0573,1.4476,1.469,0,0.13211,0.15985,0.16387,1.3185,0.9121,1.2658,0.84538,0.971,0.65615,1.0336,0.51713,-0.38236,-0.89641,1.1893,1.1552,1.3099,0.31242,0.66269,1.2279,0.0062699,1.036,1.4413,-0.33098,1.4344,1.1142,0.44071,1.3255,1.1606,1.2359,1.2286,0.78589,0.74024,0.29565,0.47282,1.5554,0.72717
0.11682,0.045394,-0.12914,-0.059685,-0.01198,-0.032912,0.13439,-0.11209,0.16172,0.12188,0.069885,0.14773,0.11419,-0.010099,0.43733,0.12372,0.4859,-0.14584,-0.4409,0.074877,-0.0065607,0.13862,0.032465,0.27192,0.09795,0.0087708,0.053847,0.10874,0.1263,0.068435,0.07373,0.053204,0.15145,0.074482,0.090766,0.32195,-0.010804,0.11053,0.051371,0.12302,0.18033,0.12024,0.055941,0.19099,0.12595,-0.049112,0.099023,0.11015,0.62033,0.097426,0.23489,-0.30225,-0.25807,-0.32084,-0.034767,-0.18767,-0.21986,0.12493,-0.11483,0.083942,-0.3839,-0.048818,0.10066,0.13211,0,0.30469,0.10934,0.28192,-0.24699,-0.19784,-0.49054,-0.48237,-0.25689,-0.47822,-0.34947,-0.062349,-0.10812,-0.17512,-0.2721,-0.17528,-0.060627,0.33663,0.16701,0.67267,-0.034882,0.11338,0.10148,-0.066025,-0.095915,-0.046022,-0.18002,-0.30785,-0.32555,-0.27226,-0.15649,-0.37004,-0.2961,-0.033119,0.035913,-0.0059621
0.12428,-0.011457,-0.21013,-0.40264,-0.28796,-0.38834,-0.35876,-0.28983,-0.28917,-0.21269,-0.10843,-0.28043,-0.24761,-0.18087,0.29254,-0.16715,-0.14812,-0.096015,-0.22787,0.036355,0.37548,-0.24036,0.19044,-0.10346,-0.20151,-0.048045,-0.2677,0.10955,-0.14723,-0.20994,-0.090705,-0.30244,-0.1928,-0.28906,0.090882,-0.033305,0.16418,0.66212,0.20285,-0.11786,0.068404,0.0046621,-0.21225,-0.0077849,-0.027539,0.3997,0.18288,0.11661,0.061387,0.07046,-0.067784,0.35283,0.29033,0.26358,0.28555,0.20328,0.19849,-0.015154,-0.040606,-0.16465,-0.03229,0.1557,0.22907,0.15985,0.30469,0,0.13853,0.080702,0.23783,0.10466,-0.21786,0.057486,0.10053,0.032484,0.20763,0.18929,-0.23302,-0.064954,0.096133,0.22802,0.28335,0.42006,0.29896,0.40961,0.14468,0.16711,0.18211,0.30559,0.2096,-0.017738,0.15836,0.10824,-0.021193,0.28081,0.39248,0.45093,0.21933,0.06923,0.17185,0.10244
0.11388,0.10166,-0.18133,-0.26145,-0.18593,-0.22972,-0.31273,-0.16411,-0.24957,-0.19141,0.035425,-0.069213,0.022102,-0.1184,0.87085,-0.40383,-0.17716,0.035716,0.088117,-0.26193,0.13152,-0.36841,0.35339,-0.28657,-0.26832,-0.29623,-0.33131,-0.12786,-0.28626,-0.28585,-0.26764,-0.30939,-0.33587,-0.28516,0.14014,0.23438,0.18317,0.692,0.40736,0.067894,-0.028224,0.027928,0.49826,-0.06732,-0.28089,-0.038108,-0.021695,0.24711,0.14636,0.42567,-0.30601,0.30671,0.18703,0.38764,0.20387,0.30089,0.37304,-0.039246,0.074677,-0.073482,0.13476,0.087693,0.17106,0.16387,0.10934,0.13853,0,0.11322,0.17348,0.19733,0.17062,0.20585,0.21591,0.35709,0.10145,0.033937,0.17065,0.093578,0.18861,0.28209,0.24456,0.32412,0.36317,0.30411,0.095985,0.11706,-0.0015992,0.31857,0.24688,0.024725,0.22603,0.27731,0.28262,0.27608,0.2307,0.29109,0.077122,0.25778,0.23393,0.28726
1.6942,1.5385,0.69273,0.078257,0.3951,-0.31006,-0.22947,0.093647,-1.0396,-0.87155,0.48999,-0.61982,-0.75686,-0.81638,0.041062,-1.1206,-0.63546,0.064621,-0.4832,-0.25036,0.73857,-1.3249,0.8762,-1.233,-1.4781,-0.38192,-1.3956,-1.4468,-1.4328,-1.4666,-1.4235,-1.3479,-1.3597,-1.3467,1.6373,0.87209,-0.19062,-0.16497,-0.64192,-1.1239,-0.8637,-1.3014,-0.60772,-1.3772,-1.2449,-0.13335,-0.033431,1.4903,0.7364,0.60027,-1.077,0.79714,0.44892,1.0409,0.71284,1.0978,0.31594,-0.99241,1.3701,1.0386,0.93122,1.4084,1.8298,1.3185,0.28192,0.080702,0.11322,0,0.89452,1.2937,0.7923,0.9473,0.45619,0.95566,0.506,-0.55557,-0.8312,1.23,1.1543,1.3132,0.18333,1.0603,1.3617,0.0099727,1.0139,1.7902,-0.31947,1.4598,1.2208,0.48421,1.3644,1.1175,1.1084,1.1077,0.60092,0.64647,0.34906,0.72421,1.8111,0.72852
1.1106,0.85158,0.58523,-0.12937,0.10364,-0.41423,-0.58967,-0.008301,-1.2595,-1.1273,0.058902,-0.84154,-0.92273,-1.0345,-0.21655,-1.4454,-1.1476,0.12186,-0.25425,-0.49163,0.8794,-1.5307,0.9342,-1.4377,-1.5327,-0.67198,-1.4449,-1.2267,-1.5626,-1.5546,-1.3669,-1.3924,-1.6395,-1.4333,1.1065,0.4588,-0.1918,0.11752,-0.32498,-1.298,-0.69193,-1.2502,-0.3823,-1.3091,-1.19,0.27582,0.1227,1.0755,0.13229,0.61837,-1.3535,1.4982,0.93824,1.8059,0.87452,1.342,0.57272,-0.90971,1.4437,0.89171,1.2153,1.1819,1.0819,0.9121,-0.24699,0.23783,0.17348,0.89452,0,1.4599,1.0719,1.3208,1.0069,1.3703,0.75761,-0.20184,-0.9218,1.1097,1.4994,1.6611,0.46448,0.55892,1.2005,-0.34332,0.77501,1.0455,-0.44939,1.4302,1.2041,0.5888,1.4655,1.4615,1.5391,1.4345,1.056,1.0818,0.88102,0.60706,1.1506,0.74054
1.4212,1.3196,1.0373,0.26649,0.51685,-0.079855,-0.50089,0.34852,-1.0923,-1.0203,0.52921,-0.52976,-0.69003,-0.95041,-0.034375,-2.0278,-1.19,-0.11475,-0.46542,-0.88416,0.89227,-1.7657,1.2094,-1.7399,-2.0327,-0.58148,-1.5608,-1.9759,-2.4056,-1.9113,-2.1471,-1.7152,-2.3724,-1.4992,1.7163,0.85665,-0.17043,-0.11735,-0.44402,-1.9983,-1.1657,-1.9888,-0.62791,-2.1029,-1.4441,-0.02105,-0.053059,1.4478,0.15098,0.73941,-1.8813,1.2242,0.55295,1.7459,0.57194,1.1926,0.54815,-1.5407,2.3986,1.1527,2.0001,1.3932,1.3987,1.2658,-0.19784,0.10466,0.19733,1.2937,1.4599,0,1.7509,2.1073,0.99086,2.1278,1.0058,-0.54805,-1.1747,1.8711,2.3515,1.7788,0.060623,0.72063,1.7545,-0.40483,0.78454,1.3586,-0.81358,1.6131,1.366,0.31905,2.3646,2.3052,2.0881,2.0857,1.0452,1.0143,0.62981,0.47633,1.7316,0.85457
0.87685,0.84973,1.305,0.60595,0.67956,0.28263,-0.43806,0.70077,-0.58781,-0.4967,0.64044,-0.1227,-0.28106,-0.356,-0.14273,-1.4927,-1.3552,-0.24738,-0.28066,-1.0549,0.42303,-1.0677,0.79435,-1.1735,-1.2412,-0.69748,-0.90844,-1.3591,-1.5587,-1.157,-1.5024,-1.0652,-1.5097,-0.86098,1.2579,0.69714,-0.17737,-0.027666,-0.00019693,-1.5691,-0.7613,-1.5212,-0.61814,-1.3744,-0.95405,-0.19041,-0.19961,0.90379,-0.22973,0.5978,-1.6629,0.90872,0.31513,1.2882,0.12912,0.65127,0.24868,-1.4577,1.5596,0.63329,1.5198,0.80392,0.82781,0.84538,-0.49054,-0.21786,0.17062,0.7923,1.0719,1.7509,0,2.3289,0.93461,2.0879,1.0081,-0.57994,-0.72177,1.5669,1.9723,1.065,-0.27426,0.26873,1.1207,-0.59007,0.32606,0.77384,-1.1964,0.95544,0.90874,-0.15455,1.5145,2.075,1.5878,1.4547,0.74251,0.85729,0.54966,0.040885,1.1014,0.60348
1.0838,1.0356,1.1849,0.41693,0.60233,0.089909,-0.48566,0.53778,-0.84819,-0.75225,0.56639,-0.34401,-0.46253,-0.68565,-0.11664,-1.7313,-1.5099,-0.11618,-0.26922,-1.1416,0.77775,-1.4039,0.99755,-1.5316,-1.5524,-0.63454,-1.2157,-1.5315,-1.8711,-1.4857,-1.6908,-1.3748,-1.829,-1.1396,1.3668,0.72456,-0.059749,0.026293,-0.18421,-1.7583,-0.83831,-1.6309,-0.75136,-1.6266,-1.1604,-0.028118,-0.13075,1.0855,-0.10456,0.6157,-1.7241,1.2102,0.46635,1.6394,0.3637,0.92899,0.44725,-1.5188,1.8445,0.77142,1.6942,1.032,1.0529,0.971,-0.48237,0.057486,0.20585,0.9473,1.3208,2.1073,2.3289,0,1.1582,2.3543,1.2021,-0.54424,-0.92179,1.7057,2.1077,1.4287,-0.043626,0.44386,1.35,-0.5983,0.48475,0.9595,-1.1174,1.2233,1.1845,0.065173,1.8543,2.4216,1.907,1.8861,0.95108,1.0067,0.66821,0.32562,1.3114,0.76818
0.56806,0.41654,0.28474,-0.035523,-0.0061241,-0.23977,-0.33504,-0.017626,-0.76946,-0.71965,-0.21335,-0.54844,-0.47331,-0.84121,-0.21953,-0.94551,-0.98348,0.11583,-0.085423,-0.24696,0.55154,-0.92973,0.50508,-0.98498,-0.93067,-0.46307,-0.91728,-0.73701,-0.98172,-0.94876,-0.82971,-0.86204,-1.1018,-0.7893,0.58468,0.34348,-0.047505,0.16378,-0.0030431,-0.88413,-0.29743,-0.73623,-0.074379,-0.75584,-0.74285,0.27345,0.47259,0.58759,-0.21839,0.36944,-0.74239,1.0528,0.59935,1.2791,0.43191,0.62147,0.2479,-0.5177,0.89438,0.25751,1.0391,0.56866,0.50379,0.65615,-0.25689,0.10053,0.21591,0.45619,1.0069,0.99086,0.93461,1.1582,0,1.2394,0.96184,0.26275,-0.60003,0.75803,0.86366,0.98189,0.29338,0.038883,0.69499,-0.46308,0.46942,0.5451,-0.34001,0.84872,0.6359,0.43064,1.0021,1.1257,1.0608,1.2071,1.0369,1.0964,0.83782,0.24136,0.69135,0.34539
1.1016,1.0526,1.0495,0.29941,0.46632,-0.012905,-0.49331,0.43803,-1.0068,-0.87908,0.44506,-0.47043,-0.55631,-0.85746,-0.08989,-1.7476,-1.3676,-0.10891,-0.26528,-0.96962,0.79997,-1.4924,1.0354,-1.6308,-1.6174,-0.70526,-1.3354,-1.5737,-1.9209,-1.5761,-1.7139,-1.4521,-1.9611,-1.2375,1.34,0.70869,-0.0097624,0.11006,-0.15122,-1.7484,-0.8065,-1.6686,-0.63967,-1.7248,-1.2762,0.059803,-0.038732,1.1593,-0.063786,0.71856,-1.6615,1.3195,0.61535,1.8395,0.49389,1.0401,0.48165,-1.4193,1.855,0.79535,1.8489,1.1205,1.0709,1.0336,-0.47822,0.032484,0.35709,0.95566,1.3703,2.1278,2.0879,2.3543,1.2394,0,1.4216,-0.44618,-0.98966,1.5829,1.9702,1.5229,0.099444,0.45182,1.4316,-0.49438,0.57941,1.0097,-0.98212,1.3828,1.2306,0.17629,1.9448,2.4127,1.8958,2.0152,1.1376,1.1778,0.745,0.33778,1.3334,0.70743
0.55435,0.51182,0.2671,0.011274,-0.080787,-0.3294,-0.34115,-0.03289,-0.74006,-0.66334,-0.081415,-0.50565,-0.44967,-0.77526,-0.1582,-1.0604,-0.88226,-0.16175,-0.26448,-0.51839,0.51095,-0.90442,0.50129,-1.0476,-0.95962,-0.44874,-0.863,-0.83128,-1.0575,-0.99633,-0.88325,-0.94713,-1.0823,-0.80137,0.5842,0.15851,0.16266,0.21945,-0.0069954,-0.93378,-0.23351,-0.76409,-0.3041,-0.87645,-0.77694,0.34955,0.1553,0.63821,-0.21759,0.47755,-0.83376,0.92604,0.54241,1.1654,0.37985,0.62846,0.39741,-0.50419,0.92815,0.23908,1.0394,0.65087,0.56345,0.51713,-0.34947,0.20763,0.10145,0.506,0.75761,1.0058,1.0081,1.2021,0.96184,1.4216,0,0.25782,-0.64323,0.67415,0.99962,0.93582,0.50947,0.19561,0.75057,-0.25824,0.49974,0.57175,-0.41418,0.92879,0.77003,0.35902,1.0892,1.2889,1.0948,1.3796,1.2155,1.1827,1.0864,0.21833,0.65962,0.24183
-0.59297,-0.691,-1.1196,-0.6119,-0.78607,-0.43451,-0.028084,-0.68204,0.040454,-0.079686,-0.82766,-0.24603,-0.13195,-0.011053,-0.20643,0.391,0.29117,-0.0086682,0.057102,0.54682,-0.12591,0.24721,-0.30811,0.29723,0.4333,0.10509,0.20281,0.6678,0.60525,0.35177,0.61882,0.32473,0.51931,0.17897,-0.91214,-0.68431,0.12076,0.42421,0.10769,0.66492,0.41615,0.80475,0.59979,0.68552,0.33606,0.46483,0.73566,-0.51981,-0.26238,-0.25887,0.81471,-0.081074,0.24901,-0.23931,0.16107,-0.077787,-0.082419,1.1237,-0.69902,-0.38505,-0.21203,-0.30196,-0.47183,-0.38236,-0.062349,0.18929,0.033937,-0.55557,-0.20184,-0.54805,-0.57994,-0.54424,0.26275,-0.44618,0.25782,0,0.15786,-0.91046,-0.68625,-0.2895,0.64454,-0.24444,-0.44242,-0.062122,-0.053769,-0.47142,0.65299,-0.2224,-0.24904,0.45353,-0.46317,-0.62864,-0.45752,-0.28784,0.24454,0.19967,0.4657,-0.056198,-0.60665,-0.38636
-0.89658,-0.76985,-0.49304,-0.046445,-0.21262,0.38777,0.384,-0.008345,1.0502,0.93397,-0.10198,0.7143,0.74059,0.96984,0.35714,1.0667,0.6675,-0.17348,0.46811,0.48248,-0.72184,1.0557,-0.78965,1.0664,1.2041,0.21179,1.0886,1.0954,1.2244,1.1672,1.1467,1.0285,1.2513,1.0216,-1.0138,-0.3594,0.27548,-0.17654,0.1259,1.1807,0.71454,1.2272,0.58985,1.1028,0.99509,-0.11244,-0.03716,-0.8507,-0.31367,-0.46347,0.88623,-0.8017,-0.47628,-1.0336,-0.57682,-0.976,-0.35313,0.70593,-1.2179,-0.73954,-1.0386,-1.0078,-0.96123,-0.89641,-0.10812,-0.23302,0.17065,-0.8312,-0.9218,-1.1747,-0.72177,-0.92179,-0.60003,-0.98966,-0.64323,0.15786,0,-0.98107,-1.1957,-1.1689,-0.2635,-0.31978,-1.0481,0.18566,-0.6372,-0.90043,0.44852,-1.0744,-0.79784,-0.25394,-1.2659,-1.0911,-1.0919,-1.138,-0.58464,-0.66248,-0.46861,-0.1592,-1.1369,-0.43327
1.3256,1.2933,1.3271,0.47089,0.80119,0.12651,-0.51981,0.57666,-0.782,-0.74902,0.74813,-0.29309,-0.42917,-0.69041,-0.15409,-1.6094,-1.0785,0.091618,-0.36253,-0.87349,0.65222,-1.2388,0.94044,-1.3083,-1.5506,-0.43519,-1.1424,-1.8223,-1.971,-1.4255,-1.9863,-1.3498,-1.8809,-1.0887,1.8372,1.1153,-0.17586,-0.13298,-0.36247,-1.7974,-0.99806,-1.9483,-0.83814,-1.732,-1.1151,-0.27105,-0.37734,1.3104,0.14687,0.65067,-1.7313,0.86309,0.26106,1.308,0.32934,0.88474,0.25858,-1.6161,1.9723,1.1218,1.2958,1.123,1.2793,1.1893,-0.17512,-0.064954,0.093578,1.23,1.1097,1.8711,1.5669,1.7057,0.75803,1.5829,0.67415,-0.91046,-0.98107,0,2.1015,1.2796,-0.11976,0.63756,1.4362,-0.278,0.52526,1.1442,-0.9958,1.1991,1.169,0.13161,1.8177,1.8982,1.6398,1.4434,0.63647,0.71863,0.40797,0.41415,1.6334,0.76762
1.3033,1.3199,1.2242,0.34023,0.60857,0.0063323,-0.60324,0.48864,-0.9713,-0.90446,0.56515,-0.40218,-0.5727,-0.77973,-0.1388,-1.9338,-1.3374,-0.054926,-0.4575,-1.0553,0.79692,-1.4816,1.1054,-1.6102,-1.8584,-0.60524,-1.3497,-1.9473,-2.3222,-1.6987,-2.092,-1.6097,-2.2425,-1.314,1.7488,0.95706,-0.16848,-0.10905,-0.35472,-2.1882,-1.0715,-2.1584,-0.81074,-1.9497,-1.4123,-0.088624,-0.31315,1.3264,0.11436,0.73356,-1.9958,1.1465,0.43692,1.6982,0.47862,1.0792,0.49329,-1.7122,2.1827,0.99479,1.7283,1.2512,1.2554,1.1552,-0.2721,0.096133,0.18861,1.1543,1.4994,2.3515,1.9723,2.1077,0.86366,1.9702,0.99962,-0.68625,-1.1957,2.1015,0,1.5768,-0.031087,0.66721,1.6167,-0.46038,0.58255,1.1714,-1.0149,1.3994,1.3333,0.19921,2.1516,2.3822,2.2411,1.9006,0.94094,1.0098,0.69385,0.4197,1.5814,0.89163
1.582,1.3439,0.59412,-0.1148,0.1532,-0.46489,-0.6882,0.0025861,-1.9182,-1.623,0.15601,-1.0603,-1.2826,-1.5684,-0.13818,-1.8328,-1.2069,0.090211,-0.38781,-0.53127,1.1238,-2.3755,1.217,-2.1103,-2.3622,-0.52305,-2.4254,-1.6809,-2.0724,-2.4193,-1.7068,-2.1941,-2.1525,-2.4109,1.4039,0.66494,-0.29617,0.11396,-0.50678,-1.4669,-1.0495,-1.477,-0.52007,-1.7947,-1.8655,0.3084,0.063762,1.4389,0.29801,0.85331,-1.4309,1.5917,0.9538,2.0535,1.0441,1.9895,0.80837,-1.0006,1.6891,1.0098,1.5021,1.7609,1.6017,1.3099,-0.17528,0.22802,0.28209,1.3132,1.6611,1.7788,1.065,1.4287,0.98189,1.5229,0.93582,-0.2895,-1.1689,1.2796,1.5768,0,0.54449,0.72826,1.6839,-0.30231,1.294,1.5787,-0.43931,2.3138,1.5232,0.67394,2.0302,1.6448,1.9833,2.1117,1.1945,1.2635,0.8688,0.6791,1.6446,0.86716
0.30189,0.18486,-0.78545,-1.1124,-0.99551,-1.153,-0.30254,-1.1338,-0.91016,-0.88513,-0.72848,-1.2076,-1.0421,-0.78042,-0.10756,-0.27336,-0.15073,0.078869,-0.2154,0.23983,0.42813,-0.5638,0.17194,-0.55358,-0.40394,-0.10975,-0.59708,-0.15777,-0.20727,-0.46227,-0.15806,-0.52353,-0.24171,-0.64295,-0.022622,-0.2692,-0.11276,0.34219,-0.21581,-0.044471,-0.12379,-0.018587,0.37536,-0.17671,-0.52177,0.85896,0.25654,0.14156,0.18774,0.19598,-0.038008,0.60624,0.7884,0.44509,0.80353,0.76276,0.50825,0.48174,0.052743,-0.045057,0.12758,0.49495,0.33184,0.31242,-0.060627,0.28335,0.24456,0.18333,0.46448,0.060623,-0.27426,-0.043626,0.29338,0.099444,0.50947,0.64454,-0.2635,-0.11976,-0.031087,0.54449,0,0.11375,0.21772,0.11606,0.72197,0.39056,0.71268,0.56496,0.49061,0.85066,0.23907,0.048573,0.27528,0.33638,0.84056,0.70779,0.72589,0.51807,0.21118,0.16962
0.93146,0.79958,0.36981,-0.080218,0.24959,-0.27537,-0.20109,0.0086621,-0.52641,-0.35958,0.51293,-0.26742,-0.37439,-0.31295,0.41901,-0.75695,-0.3548,0.083197,-0.29646,-0.2667,0.46285,-0.73888,0.59225,-0.67189,-0.84885,-0.37745,-0.84952,-0.74312,-0.85854,-0.84834,-0.91982,-0.87479,-0.77984,-0.78703,1.0105,0.73499,0.097553,-0.0089635,-0.47975,-0.51804,-0.61439,-0.64373,-0.30941,-0.70074,-0.71445,-0.11426,-0.067705,0.96311,0.63757,0.44221,-0.67521,0.43204,0.19005,0.57643,0.48462,0.59713,0.28991,-0.65608,0.74581,0.67671,0.38547,0.75599,1.0774,0.66269,0.33663,0.42006,0.32412,1.0603,0.55892,0.72063,0.26873,0.44386,0.038883,0.45182,0.19561,-0.24444,-0.31978,0.63756,0.66721,0.72826,0.11375,0,1.0096,0.54439,0.57837,0.99591,-0.056796,0.81851,0.74862,0.35922,0.77384,0.58997,0.65689,0.5468,0.29245,0.32159,0.10307,0.4739,0.99774,0.48412
1.5153,1.2536,0.78451,0.039564,0.3838,-0.27271,-0.63776,0.18471,-1.23,-1.1027,0.45693,-0.71061,-0.8463,-0.93536,0.16876,-1.6409,-0.9959,0.0046684,-0.43539,-0.52986,0.93311,-1.612,1.0848,-1.5995,-1.8147,-0.596,-1.658,-1.6113,-1.9802,-1.8321,-1.8785,-1.6407,-1.9214,-1.6391,1.683,0.99572,-0.031294,0.17153,-0.31194,-1.4656,-0.90947,-1.5875,-0.57028,-1.7582,-1.4843,0.029184,-0.090818,1.3953,0.45284,0.75133,-1.4836,1.1288,0.60205,1.5444,0.79014,1.2148,0.53084,-1.2017,1.6925,0.94675,1.2665,1.5519,1.5236,1.2279,0.16701,0.29896,0.36317,1.3617,1.2005,1.7545,1.1207,1.35,0.69499,1.4316,0.75057,-0.44242,-1.0481,1.4362,1.6167,1.6839,0.21772,1.0096,0,0.13668,0.881,1.3966,-0.59552,1.6367,1.3261,0.4039,1.7326,1.5743,1.5457,1.5529,0.99141,0.95918,0.60318,0.60182,1.7379,0.99071
-0.082766,-0.1476,-0.19811,-0.19316,-0.086525,-0.038807,-0.12227,-0.093065,0.22668,0.21791,0.12013,0.19432,0.11871,0.23681,0.41414,0.29878,0.39134,-0.095575,-0.034133,0.082606,-0.083224,0.25764,-0.075384,0.40261,0.25803,0.080784,0.21221,0.37721,0.27169,0.27437,0.14732,0.1759,0.27281,0.2435,-0.071558,0.20471,-0.0037748,0.023348,0.094433,0.27888,0.2214,0.30012,0.12507,0.40267,0.2623,-0.12378,-0.23929,0.12065,0.50575,0.085999,0.40927,-0.38883,-0.31838,-0.41301,-0.13906,-0.23031,-0.024493,0.13798,-0.26553,-0.10022,-0.51894,-0.10617,0.031135,0.0062699,0.67267,0.40961,0.30411,0.0099727,-0.34332,-0.40483,-0.59007,-0.5983,-0.46308,-0.49438,-0.25824,-0.062122,0.18566,-0.278,-0.46038,-0.30231,0.11606,0.54439,0.13668,0,-0.056436,-0.12434,0.18867,-0.21723,-0.14563,0.045136,-0.35665,-0.48713,-0.47744,-0.37096,-0.35498,-0.43678,-0.43048,0.034714,-0.039652,0.16219
1.1439,0.91382,-0.043659,-0.57842,-0.2845,-1.0972,-0.32501,-0.62586,-1.4791,-1.1953,-0.19321,-1.2608,-1.414,-1.0048,-0.14695,-0.7841,-0.41738,0.27118,-0.3014,0.078348,0.9408,-1.2405,0.59413,-1.1165,-1.1272,-0.2027,-1.4533,-0.85284,-0.86156,-1.1971,-0.79244,-1.2069,-0.8889,-1.5079,0.74197,0.12224,-0.32082,-0.025795,-0.57083,-0.49414,-0.75141,-0.59033,-0.1224,-0.78416,-1.2454,0.15422,0.22154,0.84995,0.33642,0.53273,-0.59239,0.93389,0.90084,0.86031,1.2453,1.2242,0.41869,-0.26758,0.73174,0.69529,0.86488,1.4343,1.2932,1.036,-0.034882,0.14468,0.095985,1.0139,0.77501,0.78454,0.32606,0.48475,0.46942,0.57941,0.49974,-0.053769,-0.6372,0.52526,0.58255,1.294,0.72197,0.57837,0.881,-0.056436,0,1.4181,0.29123,1.3565,0.95447,1.0044,0.91617,0.63088,0.80998,0.94472,0.6962,0.80645,0.41663,0.63667,1.0961,0.50734
1.8561,1.6643,0.5182,-0.13405,0.18852,-0.53783,-0.38272,-0.074749,-1.4005,-1.2057,0.26591,-0.9155,-1.0992,-1.0827,-0.017687,-1.2173,-0.71181,0.18944,-0.46197,-0.29788,1.0544,-1.5535,0.89898,-1.4563,-1.6919,-0.31613,-1.7006,-1.4077,-1.5133,-1.7199,-1.4072,-1.5392,-1.4798,-1.6769,1.5398,0.7227,-0.28245,-0.078944,-0.63356,-1.0561,-1.0799,-1.2354,-0.53369,-1.3606,-1.4911,0.10166,0.01831,1.4646,0.57057,0.70393,-1.0954,1.0483,0.71521,1.2047,1.0123,1.3738,0.46874,-0.8412,1.3774,1.0814,1.09,1.6704,1.9508,1.4413,0.11338,0.16711,0.11706,1.7902,1.0455,1.3586,0.77384,0.9595,0.5451,1.0097,0.57175,-0.47142,-0.90043,1.1442,1.1714,1.5787,0.39056,0.99591,1.3966,-0.12434,1.4181,0,-0.21878,1.8219,1.3297,0.67308,1.5064,1.1735,1.2684,1.2515,0.73065,0.80254,0.41981,0.70664,1.7742,0.70331
-0.3937,-0.4235,-1.4263,-1.1209,-0.96882,-0.83595,0.15475,-1.1437,0.036791,-0.04757,-0.79733,-0.39907,-0.40209,0.0021068,-0.099383,0.75439,0.85996,0.4435,0.15593,1.075,-0.0060644,0.39987,-0.41013,0.46995,0.55333,0.34888,0.3193,0.62643,0.74069,0.48598,0.71227,0.44713,0.71536,0.27447,-0.78467,-0.67439,-0.059903,-0.1013,-0.26112,0.79361,0.29277,0.93244,0.40438,0.65367,0.32385,0.34919,0.48749,-0.48093,0.3812,-0.078166,0.80899,-0.28941,0.31675,-0.59798,0.41842,-0.08273,0.1662,1.1971,-0.88655,-0.20934,-0.64074,-0.24076,-0.31452,-0.33098,0.10148,0.18211,-0.0015992,-0.31947,-0.44939,-0.81358,-1.1964,-1.1174,-0.34001,-0.98212,-0.41418,0.65299,0.44852,-0.9958,-1.0149,-0.43931,0.71268,-0.056796,-0.59552,0.18867,0.29123,-0.21878,0,-0.33442,-0.25649,0.55146,-0.76596,-1.0134,-0.67353,-0.62894,-0.11597,-0.25632,0.10443,0.31657,-0.57137,-0.39594
1.7483,1.4259,0.52564,-0.1851,0.11604,-0.54038,-0.61975,-0.071895,-1.9252,-1.6305,0.16405,-1.1596,-1.3422,-1.5916,0.01092,-1.6113,-1.0389,0.1416,-0.37551,-0.41058,1.2301,-2.3429,1.1247,-2.1282,-2.3908,-0.55849,-2.4267,-1.6396,-1.9112,-2.3607,-1.663,-2.1332,-2.0011,-2.4398,1.3958,0.64303,-0.16826,0.10605,-0.56624,-1.2752,-1.1018,-1.3896,-0.53408,-1.713,-1.7806,0.29849,0.068385,1.5055,0.4036,0.87575,-1.3185,1.5664,0.97671,1.7595,1.1742,1.7697,0.71151,-0.88931,1.5866,1.0031,1.4684,1.8802,1.7606,1.4344,-0.066025,0.30559,0.31857,1.4598,1.4302,1.6131,0.95544,1.2233,0.84872,1.3828,0.92879,-0.2224,-1.0744,1.1991,1.3994,2.3138,0.56496,0.81851,1.6367,-0.21723,1.3565,1.8219,-0.33442,0,1.6253,0.67111,1.8807,1.488,1.5824,1.8155,1.1411,1.149,0.71504,0.71109,1.7283,0.93064
1.2398,1.2241,0.51727,-0.26511,0.060654,-0.57626,-0.36526,-0.14049,-1.2594,-1.0821,0.15829,-0.88523,-1.0357,-1.0937,0.12813,-1.1717,-0.82083,0.22976,-0.10685,-0.25268,1.1611,-1.4761,0.85868,-1.4628,-1.5692,-0.54305,-1.5459,-1.4265,-1.6638,-1.661,-1.5493,-1.527,-1.5614,-1.4217,1.3411,0.8036,-0.083135,0.085863,-0.33038,-1.2241,-0.8267,-1.3416,-0.51708,-1.4299,-1.2598,0.10888,-0.096097,1.324,0.42106,0.89326,-1.1845,1.2259,0.80112,1.3522,1.077,1.2543,0.52643,-0.955,1.3665,0.85093,1.1113,1.2946,1.2856,1.1142,-0.095915,0.2096,0.24688,1.2208,1.2041,1.366,0.90874,1.1845,0.6359,1.2306,0.77003,-0.24904,-0.79784,1.169,1.3333,1.5232,0.49061,0.74862,1.3261,-0.14563,0.95447,1.3297,-0.25649,1.6253,0,0.43867,1.488,1.306,1.2662,1.3012,0.86872,0.84247,0.63212,0.69472,1.3739,0.76046
0.47759,0.3011,-0.46019,-0.6219,-0.30913,-0.75148,-0.26315,-0.554,-0.72725,-0.84952,-0.48602,-0.84133,-0.80279,-0.56545,-0.43615,-0.33603,0.038106,0.11663,-0.12912,0.40171,0.47301,-0.59317,0.11232,-0.54183,-0.55524,-0.098248,-0.66419,-0.31955,-0.33653,-0.52555,-0.29927,-0.46361,-0.36162,-0.67086,0.25803,-0.17599,-0.16689,-0.065272,-0.51677,-0.1008,-0.42004,-0.17063,0.18062,-0.30293,-0.73927,0.20943,0.33614,0.33673,0.19348,0.12737,-0.098318,0.41167,0.40115,0.45465,0.81654,0.70568,0.20618,0.017948,0.31762,0.41809,0.47444,0.82977,0.58711,0.44071,-0.046022,-0.017738,0.024725,0.48421,0.5888,0.31905,-0.15455,0.065173,0.43064,0.17629,0.35902,0.45353,-0.25394,0.13161,0.19921,0.67394,0.85066,0.35922,0.4039,0.045136,1.0044,0.67308,0.55146,0.67111,0.43867,0,0.4343,0.23198,0.45134,0.43776,0.36262,0.41504,0.42929,0.46258,0.47254,0.099694
1.5707,1.3732,0.94092,0.16469,0.44228,-0.18781,-0.63045,0.27919,-1.3148,-1.1587,0.41263,-0.63035,-0.8346,-1.1947,-0.093677,-2.0037,-1.3068,-0.042199,-0.49225,-0.83623,0.91121,-2.015,1.3272,-1.8797,-2.3271,-0.5734,-1.9166,-1.9934,-2.5544,-2.2147,-2.1348,-1.9491,-2.4035,-1.7508,1.6736,0.86933,-0.25206,-0.10643,-0.4825,-1.9044,-1.1143,-1.9934,-0.74654,-2.0755,-1.6434,0.09587,-0.039832,1.5994,0.17648,0.86791,-1.8624,1.3158,0.62665,1.868,0.68886,1.3234,0.65034,-1.5212,2.4025,1.119,1.9478,1.5855,1.5969,1.3255,-0.18002,0.15836,0.22603,1.3644,1.4655,2.3646,1.5145,1.8543,1.0021,1.9448,1.0892,-0.46317,-1.2659,1.8177,2.1516,2.0302,0.23907,0.77384,1.7326,-0.35665,0.91617,1.5064,-0.76596,1.8807,1.488,0.4343,0,2.2465,2.0333,2.2587,1.1476,1.1343,0.73294,0.52711,1.7295,0.92537
1.3072,1.2291,1.1259,0.32404,0.55656,-0.00029001,-0.62369,0.44407,-1.0167,-0.90241,0.51012,-0.45313,-0.56181,-0.8712,-0.11645,-2.028,-1.4338,-0.10269,-0.38068,-1.0482,0.84246,-1.6373,1.2362,-1.8315,-1.9875,-0.65615,-1.4439,-1.8756,-2.3224,-1.8377,-2.0019,-1.7354,-2.2612,-1.394,1.5904,0.85769,-0.1472,0.007813,-0.26898,-2.0357,-0.98723,-1.9427,-0.79146,-1.9916,-1.4258,-0.012073,-0.20708,1.3695,0.051256,0.76771,-1.9278,1.3126,0.52229,1.8611,0.493,1.1206,0.60226,-1.5583,2.1928,0.91147,1.8629,1.2702,1.2562,1.1606,-0.30785,0.10824,0.27731,1.1175,1.4615,2.3052,2.075,2.4216,1.1257,2.4127,1.2889,-0.62864,-1.0911,1.8982,2.3822,1.6448,0.048573,0.58997,1.5743,-0.48713,0.63088,1.1735,-1.0134,1.488,1.306,0.23198,2.2465,0,2.2807,2.1166,1.1222,1.1121,0.69513,0.42265,1.5404,0.90333
1.4097,1.2945,0.84238,0.085365,0.31506,-0.26851,-0.65614,0.17675,-1.2435,-1.1164,0.30748,-0.64488,-0.82578,-1.0964,-0.15043,-1.9149,-1.3142,-0.028596,-0.39431,-0.83348,0.96298,-1.8182,1.1425,-1.9692,-2.0512,-0.61571,-1.6328,-1.8077,-2.2065,-2.0065,-1.8802,-1.7351,-2.1634,-1.5595,1.432,0.7408,-0.32965,-0.078002,-0.38651,-1.8099,-1.0065,-1.7049,-0.63096,-1.7751,-1.6148,0.12782,-0.11732,1.2946,0.1897,0.72788,-1.7804,1.3974,0.74813,1.817,0.69643,1.3603,0.6428,-1.3032,1.9159,0.94265,1.6571,1.3774,1.3588,1.2359,-0.32555,-0.021193,0.28262,1.1084,1.5391,2.0881,1.5878,1.907,1.0608,1.8958,1.0948,-0.45752,-1.0919,1.6398,2.2411,1.9833,0.27528,0.65689,1.5457,-0.47744,0.80998,1.2684,-0.67353,1.5824,1.2662,0.45134,2.0333,2.2807,0,1.9546,1.214,1.1196,0.9137,0.5696,1.5821,0.88624
1.3259,1.1804,0.78455,0.020719,0.28149,-0.30011,-0.59408,0.167,-1.46,-1.3213,0.17034,-0.80444,-0.93997,-1.2448,-0.0037307,-1.9129,-1.2882,-0.036054,-0.45194,-0.85601,0.8794,-2.1485,1.1297,-1.9873,-2.0527,-0.51903,-1.8527,-1.7257,-2.1038,-2.0152,-1.7937,-1.8253,-2.1277,-1.7252,1.3576,0.69738,-0.18143,0.058521,-0.33419,-1.7236,-0.87397,-1.6306,-0.48617,-1.7843,-1.5552,0.13823,0.049848,1.3138,0.066101,0.77324,-1.5617,1.4641,0.74414,1.937,0.7771,1.4254,0.75089,-1.2139,1.8496,0.78653,1.8662,1.4177,1.3089,1.2286,-0.27226,0.28081,0.27608,1.1077,1.4345,2.0857,1.4547,1.8861,1.2071,2.0152,1.3796,-0.28784,-1.138,1.4434,1.9006,2.1117,0.33638,0.5468,1.5529,-0.37096,0.94472,1.2515,-0.62894,1.8155,1.3012,0.43776,2.2587,2.1166,1.9546,0,1.46,1.3538,0.84873,0.48979,1.4947,0.85267
0.83786,0.78648,0.10412,-0.26756,-0.33857,-0.50723,-0.39845,-0.24991,-1.1586,-1.046,-0.18421,-0.89455,-0.89275,-0.93772,0.13166,-1.2446,-0.90629,-0.086047,-0.51583,-0.44307,0.62249,-1.3507,0.60993,-1.3261,-1.2387,-0.62759,-1.174,-0.94105,-1.2146,-1.2697,-1.0251,-1.2657,-1.2601,-1.1918,0.66218,0.28131,-0.055199,0.28809,-0.13892,-0.89921,-0.42979,-0.86283,-0.016119,-0.93746,-0.9443,0.40749,0.22475,0.73047,-0.047541,0.51469,-0.80809,1.2471,0.8904,1.2615,0.68611,0.941,0.5826,-0.35171,0.90443,0.26422,1.0549,0.87711,0.73447,0.78589,-0.15649,0.39248,0.2307,0.60092,1.056,1.0452,0.74251,0.95108,1.0369,1.1376,1.2155,0.24454,-0.58464,0.63647,0.94094,1.1945,0.84056,0.29245,0.99141,-0.35498,0.6962,0.73065,-0.11597,1.1411,0.86872,0.36262,1.1476,1.1222,1.214,1.46,0,1.5476,1.2464,0.47491,0.86193,0.40255
0.808,0.64095,0.24388,-0.22527,-0.18978,-0.56512,-0.3689,-0.21784,-1.1309,-1.013,-0.2262,-0.90193,-0.90173,-0.96571,0.017099,-1.1099,-0.98483,0.12079,-0.23793,-0.33861,0.76522,-1.2235,0.65104,-1.2649,-1.1545,-0.47841,-1.231,-0.929,-1.1396,-1.1891,-0.99107,-1.139,-1.1918,-1.1971,0.6929,0.23534,-0.082616,0.2286,-0.25976,-0.88161,-0.48321,-0.79974,-0.099032,-0.95581,-0.98377,0.37589,0.19706,0.68779,-0.12376,0.46664,-0.89403,1.2664,1.0453,1.4131,0.77791,1.005,0.48901,-0.49688,0.86621,0.36006,0.91359,0.8981,0.77696,0.74024,-0.37004,0.45093,0.29109,0.64647,1.0818,1.0143,0.85729,1.0067,1.0964,1.1778,1.1827,0.19967,-0.66248,0.71863,1.0098,1.2635,0.70779,0.32159,0.95918,-0.43678,0.80645,0.80254,-0.25632,1.149,0.84247,0.41504,1.1343,1.1121,1.1196,1.3538,1.5476,0,1.1711,0.50182,0.8525,0.36816
0.41049,0.33034,-0.11305,-0.39721,-0.5487,-0.55904,-0.507,-0.41212,-0.85116,-0.90374,-0.46282,-0.82748,-0.77367,-0.69227,-0.12465,-0.88014,-0.83284,0.13015,-0.23437,-0.16786,0.47814,-0.80639,0.4675,-0.82082,-0.77383,-0.45581,-0.77503,-0.56678,-0.71867,-0.73945,-0.60509,-0.63853,-0.77898,-0.75956,0.33255,0.069506,-0.067292,0.136,-0.0030171,-0.54397,-0.17578,-0.44215,0.10725,-0.56545,-0.62985,0.65405,0.32979,0.30586,-0.1627,0.24913,-0.41133,1.0057,0.88297,1.0365,0.61997,0.66056,0.49651,-0.14059,0.5756,0.18178,0.59484,0.51317,0.40501,0.29565,-0.2961,0.21933,0.077122,0.34906,0.88102,0.62981,0.54966,0.66821,0.83782,0.745,1.0864,0.4657,-0.46861,0.40797,0.69385,0.8688,0.72589,0.10307,0.60318,-0.43048,0.41663,0.41981,0.10443,0.71504,0.63212,0.42929,0.73294,0.69513,0.9137,0.84873,1.2464,1.1711,0,0.30528,0.49167,0.18496
0.70051,0.55563,-0.092844,-0.40641,-0.083629,-0.5457,-0.040244,-0.39144,-0.72942,-0.53327,0.063456,-0.60894,-0.54843,-0.68372,0.035144,-0.54705,-0.25281,0.36525,0.013022,0.17643,0.85158,-0.72442,0.24142,-0.73694,-0.67611,-0.20153,-0.78838,-0.5364,-0.63231,-0.78773,-0.64147,-0.80657,-0.68698,-0.78741,0.48382,0.28105,-0.06984,-0.11954,-0.26327,-0.55871,-0.25779,-0.49315,-0.15082,-0.63847,-0.88062,-0.01049,-0.061226,0.56423,0.57328,0.60007,-0.46132,0.64267,0.50029,0.55345,0.77173,0.72096,0.23221,-0.19994,0.49791,0.49489,0.23349,0.68764,0.71358,0.47282,-0.033119,0.06923,0.25778,0.72421,0.60706,0.47633,0.040885,0.32562,0.24136,0.33778,0.21833,-0.056198,-0.1592,0.41415,0.4197,0.6791,0.51807,0.4739,0.60182,0.034714,0.63667,0.70664,0.31657,0.71109,0.69472,0.46258,0.52711,0.42265,0.5696,0.48979,0.47491,0.50182,0.30528,0,0.66481,0.30796
1.9949,1.7027,0.8212,0.10485,0.43095,-0.25463,-0.44799,0.1945,-1.2515,-1.1278,0.50251,-0.66844,-0.88542,-0.97529,0.064279,-1.6166,-0.9414,0.096092,-0.5057,-0.51388,0.9936,-1.6922,1.0859,-1.6386,-1.9284,-0.45269,-1.7151,-1.8527,-1.9899,-1.9286,-1.8351,-1.7059,-1.9056,-1.6979,2.0986,0.96005,-0.2844,-0.10431,-0.63736,-1.452,-1.126,-1.7038,-0.66592,-1.6338,-1.5462,-0.034864,-0.13847,1.5825,0.45816,0.74152,-1.4888,1.0437,0.52406,1.3757,0.79099,1.3281,0.49347,-1.2377,1.7648,1.1333,1.2381,1.7363,1.9972,1.5554,0.035913,0.17185,0.23393,1.8111,1.1506,1.7316,1.1014,1.3114,0.69135,1.3334,0.65962,-0.60665,-1.1369,1.6334,1.5814,1.6446,0.21118,0.99774,1.7379,-0.039652,1.0961,1.7742,-0.57137,1.7283,1.3739,0.47254,1.7295,1.5404,1.5821,1.4947,0.86193,0.8525,0.49167,0.66481,0,1.0282
0.88302,0.74207,0.39476,-0.074899,0.17137,-0.3173,-0.3562,-0.041282,-0.71629,-0.60371,0.23086,-0.54648,-0.37138,-0.4505,0.27928,-0.93563,-0.66933,0.092056,-0.34572,-0.4016,0.51483,-1.0797,0.8746,-1.0174,-1.1143,-0.059749,-0.94888,-0.88795,-1.1624,-0.97758,-1.0242,-0.88923,-1.0379,-0.91836,0.8363,0.59479,-0.18333,0.037576,-0.34704,-0.64447,-0.38134,-0.84148,0.069385,-0.7585,-0.82974,0.13696,-0.37792,0.7614,0.25018,0.24575,-0.86198,0.69969,0.45086,0.78303,0.48778,0.81105,0.69836,-0.67118,0.84791,0.34213,0.57262,0.90116,0.9782,0.72717,-0.0059621,0.10244,0.28726,0.72852,0.74054,0.85457,0.60348,0.76818,0.34539,0.70743,0.24183,-0.38636,-0.43327,0.76762,0.89163,0.86716,0.16962,0.48412,0.99071,0.16219,0.50734,0.70331,-0.39594,0.93064,0.76046,0.099694,0.92537,0.90333,0.88624,0.85267,0.40255,0.36816,0.18496,0.30796,1.0282,0
